// auto-generated by sprite-packer (icons mode) - do not edit.
// the icon-font logic (src/ui/icon-font.c) declares these two symbols extern.

const unsigned char iconFontData[] = {
  0x00, 0x01, 0x00, 0x00, 0x00, 0x0f, 0x00, 0x80, 0x00, 0x03, 0x00, 0x70,
  0x47, 0x53, 0x55, 0x42, 0x20, 0x8b, 0x25, 0x7a, 0x00, 0x00, 0x00, 0xfc,
  0x00, 0x00, 0x00, 0x54, 0x4f, 0x53, 0x2f, 0x32, 0x3e, 0x26, 0x54, 0xcb,
  0x00, 0x00, 0x01, 0x50, 0x00, 0x00, 0x00, 0x60, 0x63, 0x6d, 0x61, 0x70,
  0x43, 0x40, 0x95, 0x56, 0x00, 0x00, 0x01, 0xb0, 0x00, 0x00, 0x05, 0x32,
  0x63, 0x76, 0x74, 0x20, 0x00, 0x00, 0x00, 0x00, 0x00, 0x00, 0x49, 0x44,
  0x00, 0x00, 0x00, 0x0e, 0x66, 0x70, 0x67, 0x6d, 0x62, 0x2e, 0xf9, 0x7a,
  0x00, 0x00, 0x49, 0x54, 0x00, 0x00, 0x0e, 0x0c, 0x67, 0x61, 0x73, 0x70,
  0x00, 0x00, 0x00, 0x10, 0x00, 0x00, 0x49, 0x3c, 0x00, 0x00, 0x00, 0x08,
  0x67, 0x6c, 0x79, 0x66, 0x11, 0x58, 0x08, 0x7f, 0x00, 0x00, 0x06, 0xe4,
  0x00, 0x00, 0x3b, 0x46, 0x68, 0x65, 0x61, 0x64, 0x31, 0x27, 0x31, 0xa3,
  0x00, 0x00, 0x42, 0x2c, 0x00, 0x00, 0x00, 0x36, 0x68, 0x68, 0x65, 0x61,
  0x08, 0x4b, 0x04, 0xa3, 0x00, 0x00, 0x42, 0x64, 0x00, 0x00, 0x00, 0x24,
  0x68, 0x6d, 0x74, 0x78, 0xc8, 0x98, 0xff, 0xd8, 0x00, 0x00, 0x42, 0x88,
  0x00, 0x00, 0x00, 0xe4, 0x6c, 0x6f, 0x63, 0x61, 0x81, 0xaf, 0x90, 0x8f,
  0x00, 0x00, 0x43, 0x6c, 0x00, 0x00, 0x00, 0x74, 0x6d, 0x61, 0x78, 0x70,
  0x02, 0x48, 0x0f, 0x67, 0x00, 0x00, 0x43, 0xe0, 0x00, 0x00, 0x00, 0x20,
  0x6e, 0x61, 0x6d, 0x65, 0xb5, 0x0e, 0x78, 0xf8, 0x00, 0x00, 0x44, 0x00,
  0x00, 0x00, 0x02, 0xa9, 0x70, 0x6f, 0x73, 0x74, 0x41, 0x51, 0xad, 0x7a,
  0x00, 0x00, 0x46, 0xac, 0x00, 0x00, 0x02, 0x8d, 0x70, 0x72, 0x65, 0x70,
  0x7e, 0xb6, 0x3b, 0xb6, 0x00, 0x00, 0x57, 0x60, 0x00, 0x00, 0x00, 0x9c,
  0x00, 0x01, 0x00, 0x00, 0x00, 0x0a, 0x00, 0x30, 0x00, 0x3e, 0x00, 0x02,
  0x44, 0x46, 0x4c, 0x54, 0x00, 0x0e, 0x6c, 0x61, 0x74, 0x6e, 0x00, 0x1a,
  0x00, 0x04, 0x00, 0x00, 0x00, 0x00, 0x00, 0x00, 0x00, 0x01, 0x00, 0x00,
  0x00, 0x04, 0x00, 0x00, 0x00, 0x00, 0x00, 0x00, 0x00, 0x01, 0x00, 0x00,
  0x00, 0x01, 0x6c, 0x69, 0x67, 0x61, 0x00, 0x08, 0x00, 0x00, 0x00, 0x01,
  0x00, 0x00, 0x00, 0x01, 0x00, 0x04, 0x00, 0x04, 0x00, 0x00, 0x00, 0x01,
  0x00, 0x08, 0x00, 0x01, 0x00, 0x06, 0x00, 0x00, 0x00, 0x01, 0x00, 0x00,
  0x00, 0x04, 0x03, 0x85, 0x01, 0x90, 0x00, 0x05, 0x00, 0x00, 0x02, 0x7a,
  0x02, 0xbc, 0x00, 0x00, 0x00, 0x8c, 0x02, 0x7a, 0x02, 0xbc, 0x00, 0x00,
  0x01, 0xe0, 0x00, 0x31, 0x01, 0x02, 0x00, 0x00, 0x02, 0x00, 0x05, 0x03,
  0x00, 0x00, 0x00, 0x00, 0x00, 0x00, 0x00, 0x00, 0x00, 0x00, 0x00, 0x00,
  0x00, 0x00, 0x00, 0x00, 0x00, 0x00, 0x00, 0x00, 0x00, 0x00, 0x50, 0x66,
  0x45, 0x64, 0x00, 0xc0, 0xe8, 0x00, 0xf2, 0xdb, 0x03, 0x52, 0xff, 0x6a,
  0x00, 0x5a, 0x03, 0xac, 0x00, 0x99, 0x00, 0x00, 0x00, 0x01, 0x00, 0x00,
  0x00, 0x00, 0x00, 0x00, 0x00, 0x00, 0x00, 0x00, 0x00, 0x00, 0x00, 0x02,
  0x00, 0x00, 0x00, 0x05, 0x00, 0x00, 0x00, 0x03, 0x00, 0x00, 0x00, 0x2c,
  0x00, 0x00, 0x00, 0x04, 0x00, 0x00, 0x02, 0x82, 0x00, 0x01, 0x00, 0x00,
  0x00, 0x00, 0x01, 0x7c, 0x00, 0x03, 0x00, 0x01, 0x00, 0x00, 0x00, 0x2c,
  0x00, 0x03, 0x00, 0x0a, 0x00, 0x00, 0x02, 0x82, 0x00, 0x04, 0x01, 0x50,
  0x00, 0x00, 0x00, 0x34, 0x00, 0x20, 0x00, 0x04, 0x00, 0x14, 0xe8, 0x19,
  0xe8, 0x39, 0xf0, 0x47, 0xf0, 0x86, 0xf0, 0x96, 0xf0, 0xa0, 0xf0, 0xc5,
  0xf0, 0xea, 0xf0, 0xf6, 0xf1, 0x05, 0xf1, 0x15, 0xf1, 0x1c, 0xf1, 0xa0,
  0xf1, 0xc0, 0xf1, 0xc9, 0xf1, 0xce, 0xf1, 0xda, 0xf1, 0xe6, 0xf1, 0xeb,
  0xf2, 0x05, 0xf2, 0x45, 0xf2, 0x5a, 0xf2, 0x87, 0xf2, 0xc8, 0xf2, 0xdb,
  0xff, 0xff, 0x00, 0x00, 0xe8, 0x00, 0xe8, 0x39, 0xf0, 0x47, 0xf0, 0x86,
  0xf0, 0x96, 0xf0, 0xa0, 0xf0, 0xc5, 0xf0, 0xea, 0xf0, 0xf6, 0xf1, 0x05,
  0xf1, 0x14, 0xf1, 0x1c, 0xf1, 0xa0, 0xf1, 0xc0, 0xf1, 0xc5, 0xf1, 0xce,
  0xf1, 0xda, 0xf1, 0xe6, 0xf1, 0xeb, 0xf2, 0x04, 0xf2, 0x45, 0xf2, 0x5a,
  0xf2, 0x87, 0xf2, 0xc8, 0xf2, 0xdb, 0xff, 0xff, 0x00, 0x00, 0x00, 0x00,
  0x00, 0x00, 0x00, 0x00, 0x00, 0x00, 0x00, 0x00, 0x00, 0x00, 0x00, 0x00,
  0x00, 0x00, 0x00, 0x00, 0x00, 0x00, 0x00, 0x00, 0x00, 0x00, 0x00, 0x00,
  0x00, 0x00, 0x00, 0x00, 0x00, 0x00, 0x00, 0x00, 0x00, 0x00, 0x00, 0x00,
  0x00, 0x00, 0x00, 0x00, 0x00, 0x00, 0x00, 0x00, 0x00, 0x00, 0x00, 0x01,
  0x00, 0x34, 0x00, 0x66, 0x00, 0x66, 0x00, 0x66, 0x00, 0x66, 0x00, 0x66,
  0x00, 0x66, 0x00, 0x66, 0x00, 0x66, 0x00, 0x66, 0x00, 0x66, 0x00, 0x68,
  0x00, 0x68, 0x00, 0x68, 0x00, 0x68, 0x00, 0x70, 0x00, 0x70, 0x00, 0x70,
  0x00, 0x70, 0x00, 0x70, 0x00, 0x72, 0x00, 0x72, 0x00, 0x72, 0x00, 0x72,
  0x00, 0x72, 0x00, 0x00, 0x00, 0x01, 0x00, 0x02, 0x00, 0x03, 0x00, 0x04,
  0x00, 0x05, 0x00, 0x06, 0x00, 0x07, 0x00, 0x08, 0x00, 0x09, 0x00, 0x0a,
  0x00, 0x0b, 0x00, 0x0c, 0x00, 0x0d, 0x00, 0x0e, 0x00, 0x0f, 0x00, 0x10,
  0x00, 0x11, 0x00, 0x12, 0x00, 0x13, 0x00, 0x14, 0x00, 0x15, 0x00, 0x16,
  0x00, 0x17, 0x00, 0x18, 0x00, 0x19, 0x00, 0x1a, 0x00, 0x1b, 0x00, 0x1c,
  0x00, 0x1d, 0x00, 0x1e, 0x00, 0x1f, 0x00, 0x20, 0x00, 0x21, 0x00, 0x22,
  0x00, 0x23, 0x00, 0x24, 0x00, 0x25, 0x00, 0x26, 0x00, 0x27, 0x00, 0x28,
  0x00, 0x29, 0x00, 0x2a, 0x00, 0x2b, 0x00, 0x2c, 0x00, 0x2d, 0x00, 0x2e,
  0x00, 0x2f, 0x00, 0x30, 0x00, 0x31, 0x00, 0x32, 0x00, 0x33, 0x00, 0x34,
  0x00, 0x35, 0x00, 0x36, 0x00, 0x37, 0x00, 0x38, 0x00, 0x00, 0x01, 0x06,
  0x00, 0x00, 0x00, 0x00, 0x00, 0x00, 0x00, 0x00, 0x00, 0x00, 0x00, 0x00,
  0x00, 0x00, 0x00, 0x00, 0x00, 0x00, 0x00, 0x00, 0x00, 0x00, 0x00, 0x00,
  0x00, 0x00, 0x00, 0x00, 0x00, 0x00, 0x00, 0x00, 0x00, 0x00, 0x00, 0x00,
  0x00, 0x00, 0x00, 0x00, 0x00, 0x00, 0x00, 0x00, 0x00, 0x00, 0x00, 0x00,
  0x00, 0x00, 0x00, 0x00, 0x00, 0x00, 0x00, 0x00, 0x00, 0x00, 0x00, 0x00,
  0x00, 0x00, 0x00, 0x00, 0x00, 0x00, 0x00, 0x00, 0x00, 0x00, 0x00, 0x00,
  0x00, 0x00, 0x00, 0x00, 0x00, 0x00, 0x00, 0x00, 0x00, 0x00, 0x00, 0x00,
  0x00, 0x00, 0x00, 0x00, 0x00, 0x00, 0x00, 0x00, 0x00, 0x00, 0x00, 0x00,
  0x00, 0x00, 0x00, 0x00, 0x00, 0x00, 0x00, 0x00, 0x00, 0x00, 0x00, 0x00,
  0x00, 0x00, 0x00, 0x00, 0x00, 0x00, 0x00, 0x00, 0x00, 0x00, 0x00, 0x00,
  0x00, 0x00, 0x00, 0x00, 0x00, 0x00, 0x00, 0x00, 0x00, 0x00, 0x00, 0x00,
  0x00, 0x00, 0x00, 0x00, 0x00, 0x00, 0x00, 0x00, 0x00, 0x00, 0x00, 0x00,
  0x00, 0x00, 0x00, 0x00, 0x00, 0x00, 0x00, 0x00, 0x00, 0x00, 0x00, 0x00,
  0x00, 0x00, 0x00, 0x00, 0x00, 0x00, 0x00, 0x00, 0x00, 0x00, 0x00, 0x00,
  0x00, 0x00, 0x00, 0x00, 0x00, 0x00, 0x00, 0x00, 0x00, 0x00, 0x00, 0x00,
  0x00, 0x00, 0x00, 0x00, 0x00, 0x00, 0x00, 0x00, 0x00, 0x00, 0x00, 0x00,
  0x00, 0x00, 0x00, 0x00, 0x00, 0x00, 0x00, 0x00, 0x00, 0x00, 0x00, 0x00,
  0x00, 0x00, 0x00, 0x00, 0x00, 0x00, 0x00, 0x00, 0x00, 0x00, 0x00, 0x00,
  0x00, 0x00, 0x00, 0x00, 0x00, 0x00, 0x00, 0x00, 0x00, 0x00, 0x00, 0x00,
  0x00, 0x00, 0x00, 0x00, 0x00, 0x00, 0x00, 0x00, 0x00, 0x00, 0x00, 0x00,
  0x00, 0x00, 0x00, 0x00, 0x00, 0x00, 0x00, 0x00, 0x00, 0x00, 0x00, 0x00,
  0x00, 0x00, 0x00, 0x00, 0x00, 0x00, 0x00, 0x0c, 0x00, 0x00, 0x00, 0x00,
  0x02, 0xb0, 0x00, 0x00, 0x00, 0x00, 0x00, 0x00, 0x00, 0x38, 0x00, 0x00,
  0xe8, 0x00, 0x00, 0x00, 0xe8, 0x00, 0x00, 0x00, 0x00, 0x01, 0x00, 0x00,
  0xe8, 0x01, 0x00, 0x00, 0xe8, 0x01, 0x00, 0x00, 0x00, 0x02, 0x00, 0x00,
  0xe8, 0x02, 0x00, 0x00, 0xe8, 0x02, 0x00, 0x00, 0x00, 0x03, 0x00, 0x00,
  0xe8, 0x03, 0x00, 0x00, 0xe8, 0x03, 0x00, 0x00, 0x00, 0x04, 0x00, 0x00,
  0xe8, 0x04, 0x00, 0x00, 0xe8, 0x04, 0x00, 0x00, 0x00, 0x05, 0x00, 0x00,
  0xe8, 0x05, 0x00, 0x00, 0xe8, 0x05, 0x00, 0x00, 0x00, 0x06, 0x00, 0x00,
  0xe8, 0x06, 0x00, 0x00, 0xe8, 0x06, 0x00, 0x00, 0x00, 0x07, 0x00, 0x00,
  0xe8, 0x07, 0x00, 0x00, 0xe8, 0x07, 0x00, 0x00, 0x00, 0x08, 0x00, 0x00,
  0xe8, 0x08, 0x00, 0x00, 0xe8, 0x08, 0x00, 0x00, 0x00, 0x09, 0x00, 0x00,
  0xe8, 0x09, 0x00, 0x00, 0xe8, 0x09, 0x00, 0x00, 0x00, 0x0a, 0x00, 0x00,
  0xe8, 0x0a, 0x00, 0x00, 0xe8, 0x0a, 0x00, 0x00, 0x00, 0x0b, 0x00, 0x00,
  0xe8, 0x0b, 0x00, 0x00, 0xe8, 0x0b, 0x00, 0x00, 0x00, 0x0c, 0x00, 0x00,
  0xe8, 0x0c, 0x00, 0x00, 0xe8, 0x0c, 0x00, 0x00, 0x00, 0x0d, 0x00, 0x00,
  0xe8, 0x0d, 0x00, 0x00, 0xe8, 0x0d, 0x00, 0x00, 0x00, 0x0e, 0x00, 0x00,
  0xe8, 0x0e, 0x00, 0x00, 0xe8, 0x0e, 0x00, 0x00, 0x00, 0x0f, 0x00, 0x00,
  0xe8, 0x0f, 0x00, 0x00, 0xe8, 0x0f, 0x00, 0x00, 0x00, 0x10, 0x00, 0x00,
  0xe8, 0x10, 0x00, 0x00, 0xe8, 0x10, 0x00, 0x00, 0x00, 0x11, 0x00, 0x00,
  0xe8, 0x11, 0x00, 0x00, 0xe8, 0x11, 0x00, 0x00, 0x00, 0x12, 0x00, 0x00,
  0xe8, 0x12, 0x00, 0x00, 0xe8, 0x12, 0x00, 0x00, 0x00, 0x13, 0x00, 0x00,
  0xe8, 0x13, 0x00, 0x00, 0xe8, 0x13, 0x00, 0x00, 0x00, 0x14, 0x00, 0x00,
  0xe8, 0x14, 0x00, 0x00, 0xe8, 0x14, 0x00, 0x00, 0x00, 0x15, 0x00, 0x00,
  0xe8, 0x15, 0x00, 0x00, 0xe8, 0x15, 0x00, 0x00, 0x00, 0x16, 0x00, 0x00,
  0xe8, 0x16, 0x00, 0x00, 0xe8, 0x16, 0x00, 0x00, 0x00, 0x17, 0x00, 0x00,
  0xe8, 0x17, 0x00, 0x00, 0xe8, 0x17, 0x00, 0x00, 0x00, 0x18, 0x00, 0x00,
  0xe8, 0x18, 0x00, 0x00, 0xe8, 0x18, 0x00, 0x00, 0x00, 0x19, 0x00, 0x00,
  0xe8, 0x19, 0x00, 0x00, 0xe8, 0x19, 0x00, 0x00, 0x00, 0x1a, 0x00, 0x00,
  0xe8, 0x39, 0x00, 0x00, 0xe8, 0x39, 0x00, 0x00, 0x00, 0x1b, 0x00, 0x00,
  0xf0, 0x47, 0x00, 0x00, 0xf0, 0x47, 0x00, 0x00, 0x00, 0x1c, 0x00, 0x00,
  0xf0, 0x86, 0x00, 0x00, 0xf0, 0x86, 0x00, 0x00, 0x00, 0x1d, 0x00, 0x00,
  0xf0, 0x96, 0x00, 0x00, 0xf0, 0x96, 0x00, 0x00, 0x00, 0x1e, 0x00, 0x00,
  0xf0, 0xa0, 0x00, 0x00, 0xf0, 0xa0, 0x00, 0x00, 0x00, 0x1f, 0x00, 0x00,
  0xf0, 0xc5, 0x00, 0x00, 0xf0, 0xc5, 0x00, 0x00, 0x00, 0x20, 0x00, 0x00,
  0xf0, 0xea, 0x00, 0x00, 0xf0, 0xea, 0x00, 0x00, 0x00, 0x21, 0x00, 0x00,
  0xf0, 0xf6, 0x00, 0x00, 0xf0, 0xf6, 0x00, 0x00, 0x00, 0x22, 0x00, 0x00,
  0xf1, 0x05, 0x00, 0x00, 0xf1, 0x05, 0x00, 0x00, 0x00, 0x23, 0x00, 0x00,
  0xf1, 0x14, 0x00, 0x00, 0xf1, 0x14, 0x00, 0x00, 0x00, 0x24, 0x00, 0x00,
  0xf1, 0x15, 0x00, 0x00, 0xf1, 0x15, 0x00, 0x00, 0x00, 0x25, 0x00, 0x00,
  0xf1, 0x1c, 0x00, 0x00, 0xf1, 0x1c, 0x00, 0x00, 0x00, 0x26, 0x00, 0x00,
  0xf1, 0xa0, 0x00, 0x00, 0xf1, 0xa0, 0x00, 0x00, 0x00, 0x27, 0x00, 0x00,
  0xf1, 0xc0, 0x00, 0x00, 0xf1, 0xc0, 0x00, 0x00, 0x00, 0x28, 0x00, 0x00,
  0xf1, 0xc5, 0x00, 0x00, 0xf1, 0xc5, 0x00, 0x00, 0x00, 0x29, 0x00, 0x00,
  0xf1, 0xc6, 0x00, 0x00, 0xf1, 0xc6, 0x00, 0x00, 0x00, 0x2a, 0x00, 0x00,
  0xf1, 0xc7, 0x00, 0x00, 0xf1, 0xc7, 0x00, 0x00, 0x00, 0x2b, 0x00, 0x00,
  0xf1, 0xc8, 0x00, 0x00, 0xf1, 0xc8, 0x00, 0x00, 0x00, 0x2c, 0x00, 0x00,
  0xf1, 0xc9, 0x00, 0x00, 0xf1, 0xc9, 0x00, 0x00, 0x00, 0x2d, 0x00, 0x00,
  0xf1, 0xce, 0x00, 0x00, 0xf1, 0xce, 0x00, 0x00, 0x00, 0x2e, 0x00, 0x00,
  0xf1, 0xda, 0x00, 0x00, 0xf1, 0xda, 0x00, 0x00, 0x00, 0x2f, 0x00, 0x00,
  0xf1, 0xe6, 0x00, 0x00, 0xf1, 0xe6, 0x00, 0x00, 0x00, 0x30, 0x00, 0x00,
  0xf1, 0xeb, 0x00, 0x00, 0xf1, 0xeb, 0x00, 0x00, 0x00, 0x31, 0x00, 0x00,
  0xf2, 0x04, 0x00, 0x00, 0xf2, 0x04, 0x00, 0x00, 0x00, 0x32, 0x00, 0x00,
  0xf2, 0x05, 0x00, 0x00, 0xf2, 0x05, 0x00, 0x00, 0x00, 0x33, 0x00, 0x00,
  0xf2, 0x45, 0x00, 0x00, 0xf2, 0x45, 0x00, 0x00, 0x00, 0x34, 0x00, 0x00,
  0xf2, 0x5a, 0x00, 0x00, 0xf2, 0x5a, 0x00, 0x00, 0x00, 0x35, 0x00, 0x00,
  0xf2, 0x87, 0x00, 0x00, 0xf2, 0x87, 0x00, 0x00, 0x00, 0x36, 0x00, 0x00,
  0xf2, 0xc8, 0x00, 0x00, 0xf2, 0xc8, 0x00, 0x00, 0x00, 0x37, 0x00, 0x00,
  0xf2, 0xdb, 0x00, 0x00, 0xf2, 0xdb, 0x00, 0x00, 0x00, 0x38, 0x00, 0x00,
  0x00, 0x07, 0xff, 0xfa, 0xff, 0xb1, 0x03, 0xea, 0x02, 0xc3, 0x00, 0x08,
  0x00, 0x4a, 0x00, 0x58, 0x00, 0x66, 0x00, 0x73, 0x00, 0x80, 0x00, 0x86,
  0x00, 0x7b, 0x40, 0x78, 0x77, 0x76, 0x40, 0x3e, 0x04, 0x09, 0x08, 0x78,
  0x6d, 0x6c, 0x68, 0x67, 0x42, 0x2d, 0x07, 0x05, 0x09, 0x83, 0x79, 0x2a,
  0x03, 0x01, 0x00, 0x86, 0x80, 0x7a, 0x27, 0x12, 0x05, 0x0a, 0x04, 0x82,
  0x15, 0x02, 0x0b, 0x0a, 0x05, 0x4c, 0x00, 0x07, 0x06, 0x08, 0x06, 0x07,
  0x08, 0x80, 0x00, 0x02, 0x0b, 0x03, 0x0b, 0x02, 0x03, 0x80, 0x00, 0x06,
  0x00, 0x08, 0x09, 0x06, 0x08, 0x69, 0x00, 0x09, 0x00, 0x05, 0x00, 0x09,
  0x05, 0x69, 0x00, 0x00, 0x00, 0x01, 0x04, 0x00, 0x01, 0x69, 0x00, 0x04,
  0x00, 0x0a, 0x0b, 0x04, 0x0a, 0x69, 0x00, 0x0b, 0x02, 0x03, 0x0b, 0x59,
  0x00, 0x0b, 0x0b, 0x03, 0x61, 0x00, 0x03, 0x0b, 0x03, 0x51, 0x66, 0x64,
  0x5f, 0x5d, 0x58, 0x56, 0x2a, 0x1a, 0x28, 0x28, 0x27, 0x2b, 0x1a, 0x13,
  0x10, 0x0c, 0x06, 0x1f, 0x2b, 0x01, 0x32, 0x16, 0x0e, 0x01, 0x2e, 0x02,
  0x36, 0x17, 0x05, 0x16, 0x06, 0x0f, 0x01, 0x06, 0x22, 0x27, 0x25, 0x07,
  0x06, 0x23, 0x16, 0x07, 0x0e, 0x01, 0x07, 0x06, 0x23, 0x22, 0x27, 0x26,
  0x37, 0x3e, 0x01, 0x37, 0x36, 0x33, 0x32, 0x17, 0x36, 0x3f, 0x01, 0x27,
  0x26, 0x27, 0x06, 0x23, 0x22, 0x27, 0x2e, 0x01, 0x27, 0x26, 0x36, 0x37,
  0x36, 0x33, 0x32, 0x17, 0x1e, 0x01, 0x17, 0x16, 0x07, 0x1f, 0x01, 0x25,
  0x36, 0x32, 0x1f, 0x01, 0x1e, 0x01, 0x07, 0x05, 0x36, 0x26, 0x27, 0x26,
  0x23, 0x22, 0x07, 0x06, 0x16, 0x17, 0x16, 0x33, 0x32, 0x03, 0x3e, 0x01,
  0x27, 0x26, 0x23, 0x22, 0x07, 0x0e, 0x01, 0x17, 0x16, 0x33, 0x32, 0x13,
  0x17, 0x35, 0x34, 0x3f, 0x01, 0x27, 0x07, 0x06, 0x0f, 0x01, 0x06, 0x23,
  0x1f, 0x01, 0x01, 0x27, 0x05, 0x15, 0x07, 0x1f, 0x02, 0x16, 0x1f, 0x01,
  0x05, 0x37, 0x25, 0x07, 0x06, 0x07, 0x02, 0x18, 0x0e, 0x16, 0x02, 0x12,
  0x20, 0x12, 0x04, 0x1a, 0xb3, 0x01, 0x1b, 0x10, 0x05, 0x10, 0x48, 0x07,
  0x13, 0x07, 0xfe, 0x7f, 0x3e, 0x04, 0x03, 0x08, 0x02, 0x04, 0x36, 0x2f,
  0x4a, 0x50, 0x4c, 0x30, 0x33, 0x07, 0x04, 0x36, 0x2e, 0x4a, 0x51, 0x2e,
  0x26, 0x05, 0x08, 0x44, 0x44, 0x08, 0x05, 0x26, 0x2e, 0x51, 0x4a, 0x2e,
  0x36, 0x04, 0x03, 0x16, 0x19, 0x2f, 0x4d, 0x50, 0x4a, 0x2e, 0x38, 0x03,
  0x02, 0x08, 0x07, 0x3e, 0x01, 0x81, 0x07, 0x13, 0x07, 0x48, 0x10, 0x05,
  0x10, 0xfd, 0x69, 0x1a, 0x1c, 0x2d, 0x34, 0x37, 0x2a, 0x15, 0x1a, 0x1c,
  0x2d, 0x33, 0x38, 0x29, 0x19, 0x2d, 0x1c, 0x1a, 0x16, 0x29, 0x38, 0x33,
  0x2d, 0x1c, 0x1a, 0x15, 0x2a, 0x37, 0x97, 0x36, 0x12, 0x08, 0x2c, 0x0f,
  0x01, 0x04, 0x09, 0x01, 0x01, 0x78, 0x36, 0x01, 0x9a, 0x47, 0xfe, 0x53,
  0x59, 0x05, 0x04, 0x06, 0x04, 0x02, 0x0f, 0x01, 0xe2, 0x47, 0xfe, 0xde,
  0x63, 0x01, 0x06, 0x01, 0x5e, 0x16, 0x1c, 0x16, 0x02, 0x12, 0x20, 0x12,
  0x22, 0xde, 0x0b, 0x28, 0x08, 0x24, 0x04, 0x04, 0xd8, 0x24, 0x03, 0x1c,
  0x1a, 0x2b, 0x50, 0x1d, 0x2f, 0x2c, 0x2f, 0x45, 0x2a, 0x50, 0x1d, 0x2f,
  0x12, 0x08, 0x05, 0x28, 0x29, 0x05, 0x07, 0x11, 0x2f, 0x1e, 0x4e, 0x2b,
  0x21, 0x3c, 0x16, 0x2c, 0x2f, 0x1d, 0x4e, 0x2c, 0x1b, 0x1b, 0x03, 0x25,
  0xd8, 0x05, 0x04, 0x24, 0x09, 0x27, 0x0c, 0x4d, 0x18, 0x4a, 0x1c, 0x21,
  0x14, 0x18, 0x48, 0x1e, 0x21, 0xfe, 0x75, 0x1c, 0x4a, 0x17, 0x14, 0x21,
  0x1c, 0x4a, 0x17, 0x14, 0x01, 0x77, 0x21, 0x07, 0x14, 0x0b, 0x04, 0x1a,
  0x0e, 0x02, 0x04, 0x09, 0x01, 0x82, 0x12, 0x01, 0x41, 0x24, 0xf0, 0x40,
  0x35, 0x05, 0x03, 0x07, 0x05, 0x01, 0x0f, 0xb2, 0x23, 0xe4, 0x4d, 0x02,
  0x02, 0x00, 0x00, 0x00, 0x00, 0x03, 0x00, 0x00, 0xff, 0x6a, 0x03, 0x59,
  0x03, 0x52, 0x00, 0x13, 0x00, 0x1a, 0x00, 0x23, 0x00, 0x39, 0x40, 0x36,
  0x14, 0x01, 0x02, 0x04, 0x01, 0x4c, 0x00, 0x01, 0x00, 0x04, 0x02, 0x01,
  0x04, 0x67, 0x00, 0x02, 0x00, 0x03, 0x05, 0x02, 0x03, 0x67, 0x06, 0x01,
  0x05, 0x00, 0x00, 0x05, 0x57, 0x06, 0x01, 0x05, 0x05, 0x00, 0x5f, 0x00,
  0x00, 0x05, 0x00, 0x4f, 0x1b, 0x1b, 0x1b, 0x23, 0x1b, 0x23, 0x13, 0x26,
  0x14, 0x35, 0x36, 0x07, 0x06, 0x1b, 0x2b, 0x01, 0x1e, 0x01, 0x15, 0x11,
  0x14, 0x06, 0x07, 0x21, 0x22, 0x26, 0x27, 0x11, 0x34, 0x36, 0x37, 0x21,
  0x32, 0x16, 0x17, 0x07, 0x15, 0x33, 0x26, 0x2f, 0x01, 0x26, 0x13, 0x11,
  0x23, 0x22, 0x26, 0x27, 0x35, 0x21, 0x11, 0x03, 0x33, 0x10, 0x16, 0x1e,
  0x17, 0xfd, 0x12, 0x17, 0x1e, 0x01, 0x20, 0x16, 0x01, 0xf4, 0x16, 0x36,
  0x0f, 0x4a, 0xd2, 0x05, 0x07, 0xaf, 0x06, 0xc6, 0xe8, 0x17, 0x1e, 0x01,
  0xfe, 0x53, 0x02, 0x7e, 0x10, 0x34, 0x18, 0xfd, 0x7e, 0x17, 0x1e, 0x01,
  0x20, 0x16, 0x03, 0x7c, 0x17, 0x1e, 0x01, 0x16, 0x10, 0x26, 0xd2, 0x11,
  0x06, 0xaf, 0x07, 0xfc, 0xb0, 0x02, 0x3c, 0x20, 0x15, 0xe9, 0xfc, 0xa6,
  0x00, 0x06, 0x00, 0x00, 0xff, 0xb1, 0x03, 0x12, 0x03, 0x0b, 0x00, 0x0f,
  0x00, 0x1f, 0x00, 0x2f, 0x00, 0x3b, 0x00, 0x43, 0x00, 0x67, 0x00, 0x64,
  0x40, 0x61, 0x57, 0x45, 0x02, 0x06, 0x08, 0x29, 0x21, 0x19, 0x11, 0x09,
  0x01, 0x06, 0x00, 0x01, 0x02, 0x4c, 0x05, 0x03, 0x02, 0x01, 0x06, 0x00,
  0x06, 0x01, 0x00, 0x80, 0x04, 0x02, 0x02, 0x00, 0x07, 0x06, 0x00, 0x07,
  0x7e, 0x00, 0x0e, 0x00, 0x09, 0x08, 0x0e, 0x09, 0x67, 0x0f, 0x0d, 0x02,
  0x08, 0x0c, 0x0a, 0x02, 0x06, 0x01, 0x08, 0x06, 0x67, 0x00, 0x07, 0x0b,
  0x0b, 0x07, 0x57, 0x00, 0x07, 0x07, 0x0b, 0x5f, 0x00, 0x0b, 0x07, 0x0b,
  0x4f, 0x65, 0x64, 0x61, 0x5e, 0x5b, 0x59, 0x53, 0x52, 0x4f, 0x4c, 0x49,
  0x47, 0x41, 0x3f, 0x14, 0x24, 0x14, 0x26, 0x26, 0x26, 0x26, 0x26, 0x23,
  0x10, 0x06, 0x1f, 0x2b, 0x01, 0x11, 0x14, 0x06, 0x2b, 0x01, 0x22, 0x26,
  0x35, 0x11, 0x34, 0x36, 0x3b, 0x01, 0x32, 0x16, 0x17, 0x11, 0x14, 0x06,
  0x2b, 0x01, 0x22, 0x26, 0x35, 0x11, 0x34, 0x36, 0x3b, 0x01, 0x32, 0x16,
  0x17, 0x11, 0x14, 0x06, 0x2b, 0x01, 0x22, 0x26, 0x35, 0x11, 0x34, 0x36,
  0x3b, 0x01, 0x32, 0x16, 0x13, 0x11, 0x21, 0x11, 0x14, 0x1e, 0x01, 0x33,
  0x21, 0x32, 0x3e, 0x01, 0x01, 0x33, 0x27, 0x26, 0x27, 0x23, 0x06, 0x07,
  0x05, 0x15, 0x14, 0x06, 0x2b, 0x01, 0x11, 0x14, 0x06, 0x23, 0x21, 0x22,
  0x26, 0x27, 0x11, 0x23, 0x22, 0x26, 0x3d, 0x01, 0x34, 0x36, 0x3b, 0x01,
  0x37, 0x3e, 0x01, 0x37, 0x33, 0x32, 0x16, 0x1f, 0x01, 0x33, 0x32, 0x16,
  0x01, 0x1e, 0x0a, 0x08, 0x24, 0x08, 0x0a, 0x0a, 0x08, 0x24, 0x08, 0x0a,
  0x8f, 0x0a, 0x08, 0x24, 0x08, 0x0a, 0x0a, 0x08, 0x24, 0x08, 0x0a, 0x8e,
  0x0a, 0x07, 0x24, 0x08, 0x0a, 0x0a, 0x08, 0x24, 0x07, 0x0a, 0x48, 0xfe,
  0x0c, 0x08, 0x08, 0x02, 0x01, 0xd0, 0x02, 0x08, 0x08, 0xfe, 0x89, 0xfa,
  0x1b, 0x04, 0x05, 0xb1, 0x06, 0x04, 0x01, 0xeb, 0x0a, 0x08, 0x36, 0x34,
  0x25, 0xfe, 0x30, 0x25, 0x34, 0x01, 0x35, 0x08, 0x0a, 0x0a, 0x08, 0xac,
  0x27, 0x09, 0x2c, 0x16, 0xb2, 0x17, 0x2a, 0x09, 0x27, 0xad, 0x08, 0x0a,
  0x01, 0xb7, 0xfe, 0xbf, 0x08, 0x0a, 0x0a, 0x08, 0x01, 0x41, 0x08, 0x0a,
  0x0a, 0x08, 0xfe, 0xbf, 0x08, 0x0a, 0x0a, 0x08, 0x01, 0x41, 0x08, 0x0a,
  0x0a, 0x08, 0xfe, 0xbf, 0x08, 0x0a, 0x0a, 0x08, 0x01, 0x41, 0x08, 0x0a,
  0x0a, 0xfe, 0x64, 0x02, 0x11, 0xfd, 0xef, 0x0c, 0x14, 0x0a, 0x0a, 0x14,
  0x02, 0x65, 0x41, 0x05, 0x01, 0x01, 0x05, 0x53, 0x24, 0x08, 0x0a, 0xfd,
  0xef, 0x2e, 0x44, 0x42, 0x2e, 0x02, 0x13, 0x0a, 0x08, 0x24, 0x08, 0x0a,
  0x5d, 0x15, 0x1c, 0x01, 0x1e, 0x14, 0x5d, 0x0a, 0x00, 0x02, 0x00, 0x00,
  0xff, 0xf9, 0x02, 0x83, 0x03, 0x0b, 0x00, 0x07, 0x00, 0x1f, 0x00, 0x2a,
  0x40, 0x27, 0x05, 0x03, 0x02, 0x00, 0x01, 0x02, 0x01, 0x00, 0x02, 0x80,
  0x00, 0x02, 0x02, 0x84, 0x00, 0x04, 0x01, 0x01, 0x04, 0x59, 0x00, 0x04,
  0x04, 0x01, 0x61, 0x00, 0x01, 0x04, 0x01, 0x51, 0x23, 0x13, 0x25, 0x36,
  0x13, 0x10, 0x06, 0x06, 0x1c, 0x2b, 0x13, 0x21, 0x35, 0x34, 0x26, 0x0e,
  0x01, 0x17, 0x05, 0x11, 0x14, 0x06, 0x07, 0x21, 0x22, 0x26, 0x27, 0x11,
  0x34, 0x36, 0x17, 0x33, 0x35, 0x34, 0x36, 0x32, 0x16, 0x07, 0x15, 0x33,
  0x32, 0x16, 0xb3, 0x01, 0x1d, 0x54, 0x76, 0x54, 0x01, 0x01, 0xd0, 0x20,
  0x16, 0xfd, 0xe9, 0x17, 0x1e, 0x01, 0x20, 0x16, 0x11, 0x94, 0xcc, 0x96,
  0x02, 0x12, 0x17, 0x1e, 0x01, 0xa5, 0x6c, 0x3b, 0x54, 0x02, 0x50, 0x3d,
  0xa1, 0xfe, 0xbe, 0x16, 0x1e, 0x01, 0x20, 0x15, 0x01, 0x42, 0x16, 0x20,
  0x01, 0x6c, 0x66, 0x94, 0x94, 0x66, 0x6c, 0x1e, 0x00, 0x03, 0xff, 0xff,
  0xff, 0x6a, 0x03, 0xa1, 0x03, 0x0d, 0x00, 0x23, 0x00, 0x2c, 0x00, 0x45,
  0x00, 0x64, 0x40, 0x61, 0x1f, 0x18, 0x02, 0x03, 0x04, 0x13, 0x12, 0x01,
  0x03, 0x00, 0x03, 0x0d, 0x06, 0x02, 0x01, 0x00, 0x43, 0x01, 0x07, 0x01,
  0x32, 0x01, 0x09, 0x07, 0x05, 0x4c, 0x00, 0x04, 0x06, 0x03, 0x06, 0x04,
  0x03, 0x80, 0x00, 0x01, 0x00, 0x07, 0x00, 0x01, 0x07, 0x80, 0x00, 0x08,
  0x09, 0x08, 0x86, 0x00, 0x0a, 0x00, 0x06, 0x04, 0x0a, 0x06, 0x69, 0x05,
  0x01, 0x03, 0x02, 0x01, 0x00, 0x01, 0x03, 0x00, 0x67, 0x00, 0x07, 0x09,
  0x09, 0x07, 0x59, 0x00, 0x07, 0x07, 0x09, 0x61, 0x00, 0x09, 0x07, 0x09,
  0x51, 0x3d, 0x3c, 0x35, 0x33, 0x14, 0x13, 0x15, 0x14, 0x23, 0x26, 0x14,
  0x23, 0x23, 0x0b, 0x06, 0x1f, 0x2b, 0x01, 0x15, 0x14, 0x06, 0x27, 0x23,
  0x15, 0x14, 0x06, 0x27, 0x23, 0x22, 0x26, 0x37, 0x35, 0x23, 0x22, 0x26,
  0x27, 0x35, 0x34, 0x36, 0x3b, 0x01, 0x35, 0x34, 0x36, 0x3b, 0x01, 0x32,
  0x16, 0x17, 0x15, 0x33, 0x32, 0x16, 0x17, 0x34, 0x2e, 0x01, 0x06, 0x14,
  0x16, 0x3e, 0x01, 0x01, 0x14, 0x06, 0x22, 0x2f, 0x01, 0x06, 0x23, 0x22,
  0x2e, 0x02, 0x3e, 0x04, 0x1e, 0x02, 0x17, 0x14, 0x07, 0x17, 0x16, 0x02,
  0x3b, 0x0a, 0x07, 0x7d, 0x0c, 0x06, 0x24, 0x07, 0x0c, 0x01, 0x7d, 0x07,
  0x0a, 0x01, 0x0c, 0x06, 0x7d, 0x0a, 0x08, 0x24, 0x07, 0x0a, 0x01, 0x7d,
  0x07, 0x0a, 0x48, 0x92, 0xd0, 0x92, 0x92, 0xd0, 0x92, 0x01, 0x1e, 0x2a,
  0x3c, 0x14, 0xbf, 0x64, 0x7b, 0x50, 0x92, 0x68, 0x40, 0x02, 0x3c, 0x6c,
  0x8e, 0xa4, 0x8e, 0x6c, 0x3c, 0x01, 0x45, 0xbf, 0x15, 0x01, 0x94, 0x24,
  0x07, 0x0c, 0x01, 0x7d, 0x07, 0x0c, 0x01, 0x0a, 0x08, 0x7d, 0x0a, 0x08,
  0x24, 0x07, 0x0a, 0x7d, 0x08, 0x0a, 0x0a, 0x08, 0x7d, 0x0a, 0x19, 0x67,
  0x92, 0x02, 0x96, 0xca, 0x98, 0x06, 0x8c, 0xfe, 0x9a, 0x1d, 0x2a, 0x15,
  0xbf, 0x45, 0x3e, 0x6a, 0x90, 0xa2, 0x8e, 0x6e, 0x3a, 0x04, 0x42, 0x66,
  0x96, 0x4d, 0x7b, 0x64, 0xbf, 0x15, 0x00, 0x00, 0x00, 0x02, 0x00, 0x00,
  0xff, 0xf9, 0x03, 0xa0, 0x03, 0x0b, 0x00, 0x2d, 0x00, 0x42, 0x00, 0x4e,
  0x40, 0x4b, 0x3b, 0x01, 0x04, 0x06, 0x25, 0x01, 0x05, 0x04, 0x02, 0x4c,
  0x00, 0x07, 0x01, 0x02, 0x01, 0x07, 0x02, 0x80, 0x00, 0x06, 0x02, 0x04,
  0x02, 0x06, 0x04, 0x80, 0x00, 0x04, 0x05, 0x02, 0x04, 0x05, 0x7e, 0x00,
  0x05, 0x03, 0x02, 0x05, 0x03, 0x7e, 0x00, 0x01, 0x00, 0x02, 0x06, 0x01,
  0x02, 0x67, 0x00, 0x03, 0x00, 0x00, 0x03, 0x57, 0x00, 0x03, 0x03, 0x00,
  0x5f, 0x00, 0x00, 0x03, 0x00, 0x4f, 0x14, 0x17, 0x15, 0x27, 0x35, 0x39,
  0x35, 0x33, 0x08, 0x06, 0x1e, 0x2b, 0x01, 0x15, 0x14, 0x06, 0x23, 0x21,
  0x22, 0x26, 0x35, 0x11, 0x34, 0x36, 0x37, 0x21, 0x32, 0x17, 0x1e, 0x01,
  0x0f, 0x01, 0x06, 0x23, 0x27, 0x26, 0x23, 0x21, 0x22, 0x06, 0x07, 0x11,
  0x14, 0x16, 0x17, 0x21, 0x32, 0x36, 0x3d, 0x01, 0x34, 0x3f, 0x01, 0x36,
  0x33, 0x32, 0x17, 0x16, 0x13, 0x01, 0x06, 0x22, 0x2f, 0x01, 0x26, 0x34,
  0x3f, 0x01, 0x36, 0x32, 0x1f, 0x01, 0x01, 0x36, 0x32, 0x1f, 0x01, 0x16,
  0x14, 0x03, 0x12, 0x5e, 0x43, 0xfe, 0x30, 0x43, 0x5e, 0x5e, 0x43, 0x01,
  0xd0, 0x23, 0x1e, 0x09, 0x03, 0x07, 0x1b, 0x06, 0x07, 0x05, 0x0d, 0x0c,
  0xfe, 0x30, 0x25, 0x34, 0x01, 0x36, 0x24, 0x01, 0xd0, 0x25, 0x34, 0x05,
  0x24, 0x06, 0x07, 0x03, 0x04, 0x0b, 0x81, 0xfe, 0x39, 0x0d, 0x24, 0x0e,
  0xf0, 0x0e, 0x0e, 0x3d, 0x0e, 0x24, 0x0e, 0x93, 0x01, 0x69, 0x0d, 0x24,
  0x0e, 0x3e, 0x0d, 0x01, 0x4b, 0xb1, 0x43, 0x5e, 0x5e, 0x43, 0x01, 0xd0,
  0x42, 0x5e, 0x01, 0x0e, 0x04, 0x13, 0x06, 0x1c, 0x05, 0x01, 0x03, 0x34,
  0x25, 0xfe, 0x30, 0x25, 0x34, 0x01, 0x36, 0x24, 0x8d, 0x08, 0x05, 0x23,
  0x06, 0x02, 0x04, 0x01, 0x05, 0xfe, 0x3a, 0x0e, 0x0e, 0xf0, 0x0d, 0x24,
  0x0e, 0x3e, 0x0d, 0x0d, 0x93, 0x01, 0x69, 0x0d, 0x0d, 0x3d, 0x0e, 0x24,
  0x00, 0x01, 0x00, 0x00, 0xff, 0xca, 0x03, 0xa1, 0x03, 0x40, 0x00, 0x1f,
  0x00, 0x1d, 0x40, 0x1a, 0x12, 0x0f, 0x0a, 0x04, 0x03, 0x05, 0x00, 0x02,
  0x01, 0x4c, 0x00, 0x02, 0x00, 0x02, 0x85, 0x01, 0x01, 0x00, 0x00, 0x76,
  0x1d, 0x14, 0x17, 0x03, 0x06, 0x19, 0x2b, 0x01, 0x14, 0x0f, 0x01, 0x13,
  0x15, 0x14, 0x0e, 0x01, 0x2f, 0x01, 0x07, 0x06, 0x22, 0x26, 0x35, 0x34,
  0x37, 0x13, 0x27, 0x26, 0x35, 0x34, 0x37, 0x25, 0x37, 0x36, 0x32, 0x1f,
  0x01, 0x05, 0x16, 0x03, 0xa1, 0x0f, 0xca, 0x30, 0x0c, 0x15, 0x0c, 0xfb,
  0xfa, 0x0c, 0x16, 0x0c, 0x01, 0x30, 0xcb, 0x0e, 0x1f, 0x01, 0x18, 0x7e,
  0x0b, 0x20, 0x0c, 0x7d, 0x01, 0x18, 0x20, 0x01, 0xe9, 0x0c, 0x0f, 0xc5,
  0xfe, 0xe9, 0x0c, 0x0b, 0x10, 0x01, 0x07, 0x84, 0x84, 0x07, 0x12, 0x0a,
  0x04, 0x08, 0x01, 0x17, 0xc5, 0x0f, 0x0c, 0x15, 0x05, 0x28, 0xfe, 0x17,
  0x17, 0xfe, 0x28, 0x05, 0x00, 0x02, 0x00, 0x00, 0xff, 0xca, 0x03, 0xa1,
  0x03, 0x40, 0x00, 0x09, 0x00, 0x29, 0x00, 0x27, 0x40, 0x24, 0x1c, 0x19,
  0x14, 0x0e, 0x0d, 0x09, 0x08, 0x07, 0x06, 0x05, 0x03, 0x01, 0x0c, 0x00,
  0x02, 0x01, 0x4c, 0x00, 0x02, 0x00, 0x02, 0x85, 0x01, 0x01, 0x00, 0x00,
  0x76, 0x25, 0x24, 0x17, 0x16, 0x12, 0x10, 0x03, 0x06, 0x16, 0x2b, 0x01,
  0x37, 0x2f, 0x01, 0x0f, 0x01, 0x17, 0x07, 0x37, 0x17, 0x13, 0x14, 0x0f,
  0x01, 0x13, 0x15, 0x14, 0x23, 0x22, 0x2f, 0x01, 0x07, 0x06, 0x22, 0x26,
  0x35, 0x34, 0x37, 0x13, 0x27, 0x26, 0x35, 0x34, 0x37, 0x25, 0x37, 0x36,
  0x32, 0x1f, 0x01, 0x05, 0x16, 0x02, 0x7b, 0xaa, 0xeb, 0x6a, 0x69, 0xec,
  0xab, 0x29, 0xd3, 0xd3, 0xfe, 0x0f, 0xca, 0x30, 0x17, 0x0a, 0x0c, 0xfb,
  0xfa, 0x0c, 0x16, 0x0c, 0x01, 0x30, 0xcb, 0x0e, 0x1f, 0x01, 0x18, 0x7e,
  0x0b, 0x20, 0x0c, 0x7d, 0x01, 0x18, 0x20, 0x01, 0x22, 0xa6, 0x22, 0xd5,
  0xd5, 0x22, 0xa6, 0xeb, 0x6f, 0x6f, 0x01, 0xb2, 0x0c, 0x0f, 0xc5, 0xfe,
  0xe9, 0x0c, 0x1c, 0x07, 0x84, 0x84, 0x07, 0x12, 0x0a, 0x04, 0x08, 0x01,
  0x17, 0xc5, 0x0f, 0x0c, 0x15, 0x05, 0x28, 0xfe, 0x17, 0x17, 0xfe, 0x28,
  0x05, 0x00, 0x00, 0x00, 0x00, 0x03, 0xff, 0xff, 0xff, 0x6a, 0x03, 0xa1,
  0x03, 0x0d, 0x00, 0x0f, 0x00, 0x18, 0x00, 0x31, 0x00, 0x42, 0x40, 0x3f,
  0x09, 0x08, 0x01, 0x03, 0x00, 0x01, 0x2f, 0x01, 0x03, 0x00, 0x1e, 0x01,
  0x05, 0x03, 0x03, 0x4c, 0x00, 0x04, 0x05, 0x04, 0x86, 0x00, 0x06, 0x00,
  0x02, 0x01, 0x06, 0x02, 0x69, 0x00, 0x01, 0x00, 0x00, 0x03, 0x01, 0x00,
  0x67, 0x00, 0x03, 0x05, 0x05, 0x03, 0x59, 0x00, 0x03, 0x03, 0x05, 0x61,
  0x00, 0x05, 0x03, 0x05, 0x51, 0x17, 0x23, 0x14, 0x13, 0x15, 0x26, 0x23,
  0x07, 0x06, 0x1d, 0x2b, 0x01, 0x15, 0x14, 0x06, 0x27, 0x21, 0x22, 0x26,
  0x27, 0x35, 0x34, 0x36, 0x33, 0x21, 0x32, 0x16, 0x17, 0x34, 0x2e, 0x01,
  0x06, 0x14, 0x16, 0x3e, 0x01, 0x01, 0x14, 0x06, 0x22, 0x2f, 0x01, 0x06,
  0x23, 0x22, 0x2e, 0x02, 0x3e, 0x04, 0x1e, 0x02, 0x17, 0x14, 0x07, 0x17,
  0x16, 0x02, 0x3b, 0x0a, 0x07, 0xfe, 0xbe, 0x07, 0x0a, 0x01, 0x0c, 0x06,
  0x01, 0x42, 0x07, 0x0a, 0x48, 0x92, 0xd0, 0x92, 0x92, 0xd0, 0x92, 0x01,
  0x1e, 0x2a, 0x3c, 0x14, 0xbf, 0x64, 0x7b, 0x50, 0x92, 0x68, 0x40, 0x02,
  0x3c, 0x6c, 0x8e, 0xa4, 0x8e, 0x6c, 0x3c, 0x01, 0x45, 0xbf, 0x15, 0x01,
  0x94, 0x24, 0x07, 0x0c, 0x01, 0x0a, 0x08, 0x24, 0x07, 0x0a, 0x0a, 0x19,
  0x67, 0x92, 0x02, 0x96, 0xca, 0x98, 0x06, 0x8c, 0xfe, 0x9a, 0x1d, 0x2a,
  0x15, 0xbf, 0x45, 0x3e, 0x6a, 0x90, 0xa2, 0x8e, 0x6e, 0x3a, 0x04, 0x42,
  0x66, 0x96, 0x4d, 0x7b, 0x64, 0xbf, 0x15, 0x00, 0x00, 0x04, 0x00, 0x00,
  0xff, 0xb1, 0x03, 0x59, 0x03, 0x0b, 0x00, 0x03, 0x00, 0x21, 0x00, 0x31,
  0x00, 0x45, 0x00, 0x51, 0x40, 0x4e, 0x2b, 0x2a, 0x23, 0x22, 0x04, 0x08,
  0x04, 0x01, 0x4c, 0x0d, 0x01, 0x04, 0x06, 0x01, 0x08, 0x02, 0x4b, 0x00,
  0x0a, 0x07, 0x01, 0x04, 0x08, 0x0a, 0x04, 0x67, 0x00, 0x08, 0x00, 0x03,
  0x06, 0x08, 0x03, 0x67, 0x00, 0x06, 0x00, 0x01, 0x00, 0x06, 0x01, 0x67,
  0x05, 0x02, 0x02, 0x00, 0x09, 0x09, 0x00, 0x57, 0x05, 0x02, 0x02, 0x00,
  0x00, 0x09, 0x5f, 0x00, 0x09, 0x00, 0x09, 0x4f, 0x40, 0x3d, 0x38, 0x35,
  0x17, 0x26, 0x33, 0x11, 0x13, 0x3b, 0x11, 0x11, 0x10, 0x0b, 0x06, 0x1f,
  0x2b, 0x17, 0x21, 0x35, 0x21, 0x05, 0x33, 0x11, 0x34, 0x26, 0x2f, 0x01,
  0x2e, 0x01, 0x07, 0x15, 0x14, 0x06, 0x23, 0x21, 0x22, 0x26, 0x27, 0x35,
  0x23, 0x11, 0x33, 0x35, 0x34, 0x36, 0x33, 0x21, 0x32, 0x16, 0x07, 0x03,
  0x35, 0x34, 0x26, 0x2b, 0x01, 0x22, 0x06, 0x17, 0x15, 0x14, 0x16, 0x37,
  0x33, 0x32, 0x36, 0x05, 0x11, 0x14, 0x06, 0x23, 0x21, 0x22, 0x26, 0x27,
  0x11, 0x34, 0x36, 0x33, 0x21, 0x32, 0x16, 0x1f, 0x01, 0x1e, 0x01, 0xd6,
  0x01, 0xad, 0xfe, 0x53, 0x01, 0xf4, 0x48, 0x0c, 0x05, 0x9d, 0x05, 0x1c,
  0x08, 0x1e, 0x17, 0xfe, 0xbe, 0x16, 0x1e, 0x01, 0x48, 0x48, 0x20, 0x15,
  0x01, 0xd1, 0x16, 0x20, 0x01, 0xd6, 0x0a, 0x08, 0x6b, 0x07, 0x0c, 0x01,
  0x0a, 0x08, 0x6b, 0x07, 0x0c, 0x01, 0x64, 0x1e, 0x17, 0xfd, 0x12, 0x17,
  0x1e, 0x01, 0x20, 0x16, 0x02, 0x05, 0x17, 0x36, 0x0f, 0x9c, 0x10, 0x16,
  0x07, 0xd6, 0xd6, 0x01, 0xf4, 0x08, 0x1a, 0x07, 0x9c, 0x06, 0x0c, 0x01,
  0xe8, 0x16, 0x20, 0x20, 0x16, 0xe8, 0xfd, 0x36, 0xe8, 0x16, 0x20, 0x20,
  0x16, 0x01, 0x1e, 0xb2, 0x08, 0x0a, 0x0a, 0x08, 0xb2, 0x07, 0x0c, 0x01,
  0x0a, 0x0a, 0xfd, 0xfa, 0x16, 0x20, 0x20, 0x16, 0x02, 0xee, 0x16, 0x20,
  0x18, 0x0e, 0x9d, 0x0f, 0x36, 0x00, 0x00, 0x00, 0x00, 0x03, 0xff, 0xfd,
  0xff, 0xb1, 0x03, 0x5f, 0x03, 0x0b, 0x00, 0x14, 0x00, 0x21, 0x00, 0x2e,
  0x00, 0x40, 0x40, 0x3d, 0x0e, 0x01, 0x01, 0x02, 0x09, 0x01, 0x02, 0x00,
  0x01, 0x02, 0x4c, 0x00, 0x02, 0x03, 0x01, 0x03, 0x02, 0x01, 0x80, 0x00,
  0x06, 0x00, 0x03, 0x02, 0x06, 0x03, 0x69, 0x00, 0x01, 0x00, 0x00, 0x04,
  0x01, 0x00, 0x67, 0x00, 0x04, 0x05, 0x05, 0x04, 0x59, 0x00, 0x04, 0x04,
  0x05, 0x61, 0x00, 0x05, 0x04, 0x05, 0x51, 0x15, 0x16, 0x15, 0x16, 0x23,
  0x26, 0x23, 0x07, 0x06, 0x1d, 0x2b, 0x01, 0x15, 0x14, 0x06, 0x2b, 0x01,
  0x22, 0x26, 0x3d, 0x01, 0x34, 0x36, 0x3b, 0x01, 0x35, 0x34, 0x36, 0x3b,
  0x01, 0x32, 0x16, 0x17, 0x34, 0x2e, 0x01, 0x0e, 0x03, 0x1e, 0x02, 0x3e,
  0x01, 0x37, 0x14, 0x0e, 0x01, 0x22, 0x2e, 0x02, 0x3e, 0x01, 0x32, 0x1e,
  0x01, 0x01, 0xf4, 0x0a, 0x08, 0xb2, 0x08, 0x0a, 0x0a, 0x08, 0x7d, 0x0a,
  0x07, 0x24, 0x08, 0x0a, 0xe8, 0x52, 0x8a, 0xa6, 0x8c, 0x50, 0x02, 0x54,
  0x88, 0xaa, 0x86, 0x56, 0x7b, 0x72, 0xc6, 0xe8, 0xc8, 0x6e, 0x06, 0x7a,
  0xbc, 0xf4, 0xba, 0x7e, 0x02, 0x22, 0xfa, 0x07, 0x0a, 0x0a, 0x07, 0x24,
  0x08, 0x0a, 0xc4, 0x08, 0x0a, 0x0a, 0xcc, 0x53, 0x8a, 0x54, 0x02, 0x50,
  0x8e, 0xa2, 0x8e, 0x50, 0x02, 0x54, 0x8a, 0x53, 0x75, 0xc4, 0x74, 0x74,
  0xc4, 0xea, 0xc4, 0x74, 0x74, 0xc4, 0x00, 0x00, 0x00, 0x04, 0x00, 0x00,
  0xff, 0xd1, 0x03, 0xa1, 0x02, 0xeb, 0x00, 0x13, 0x00, 0x2e, 0x00, 0x4b,
  0x00, 0x6c, 0x00, 0x4a, 0x40, 0x47, 0x27, 0x0a, 0x02, 0x03, 0x04, 0x37,
  0x01, 0x05, 0x00, 0x54, 0x01, 0x07, 0x05, 0x03, 0x4c, 0x68, 0x01, 0x02,
  0x4a, 0x00, 0x02, 0x06, 0x02, 0x85, 0x00, 0x06, 0x01, 0x06, 0x85, 0x00,
  0x01, 0x04, 0x01, 0x85, 0x00, 0x04, 0x03, 0x04, 0x85, 0x00, 0x03, 0x00,
  0x03, 0x85, 0x00, 0x00, 0x05, 0x00, 0x85, 0x00, 0x05, 0x07, 0x05, 0x85,
  0x00, 0x07, 0x07, 0x76, 0x52, 0x50, 0x47, 0x46, 0x28, 0x2f, 0x17, 0x12,
  0x16, 0x26, 0x08, 0x06, 0x1c, 0x2b, 0x01, 0x11, 0x14, 0x06, 0x26, 0x2f,
  0x01, 0x23, 0x22, 0x26, 0x27, 0x35, 0x34, 0x36, 0x37, 0x33, 0x37, 0x36,
  0x32, 0x16, 0x13, 0x14, 0x06, 0x07, 0x06, 0x23, 0x22, 0x26, 0x37, 0x34,
  0x3e, 0x03, 0x2e, 0x04, 0x37, 0x34, 0x36, 0x17, 0x32, 0x17, 0x1e, 0x01,
  0x17, 0x14, 0x06, 0x07, 0x06, 0x23, 0x22, 0x26, 0x37, 0x34, 0x37, 0x36,
  0x37, 0x3e, 0x01, 0x34, 0x26, 0x27, 0x26, 0x27, 0x26, 0x35, 0x34, 0x36,
  0x33, 0x32, 0x17, 0x1e, 0x01, 0x17, 0x14, 0x06, 0x07, 0x06, 0x23, 0x22,
  0x26, 0x27, 0x34, 0x3f, 0x01, 0x36, 0x37, 0x3e, 0x01, 0x2e, 0x01, 0x27,
  0x26, 0x27, 0x2e, 0x01, 0x27, 0x26, 0x35, 0x34, 0x36, 0x37, 0x32, 0x17,
  0x1e, 0x01, 0x01, 0xad, 0x16, 0x1c, 0x0b, 0xba, 0x92, 0x0f, 0x14, 0x01,
  0x16, 0x0e, 0x92, 0xba, 0x0a, 0x1e, 0x14, 0xd7, 0x30, 0x27, 0x05, 0x09,
  0x0e, 0x16, 0x01, 0x0c, 0x16, 0x10, 0x10, 0x04, 0x08, 0x18, 0x0e, 0x14,
  0x04, 0x14, 0x0f, 0x09, 0x05, 0x27, 0x30, 0x8f, 0x60, 0x4d, 0x07, 0x07,
  0x0f, 0x16, 0x01, 0x15, 0x20, 0x0b, 0x29, 0x2e, 0x2e, 0x29, 0x0b, 0x20,
  0x15, 0x14, 0x0f, 0x08, 0x07, 0x4e, 0x5e, 0x90, 0x8e, 0x76, 0x07, 0x07,
  0x0f, 0x14, 0x01, 0x16, 0x19, 0x19, 0x15, 0x44, 0x4e, 0x02, 0x4a, 0x46,
  0x15, 0x19, 0x04, 0x12, 0x03, 0x16, 0x16, 0x0e, 0x07, 0x07, 0x76, 0x8e,
  0x02, 0x8e, 0xfd, 0xa0, 0x0e, 0x16, 0x02, 0x09, 0xba, 0x16, 0x0e, 0xd6,
  0x0f, 0x14, 0x01, 0xba, 0x0a, 0x14, 0xfe, 0xc1, 0x2a, 0x4a, 0x0f, 0x03,
  0x14, 0x10, 0x0c, 0x10, 0x0c, 0x0c, 0x1e, 0x20, 0x20, 0x08, 0x12, 0x08,
  0x10, 0x0f, 0x16, 0x01, 0x03, 0x0f, 0x4a, 0x2a, 0x55, 0x92, 0x20, 0x03,
  0x16, 0x0e, 0x16, 0x0b, 0x10, 0x09, 0x1e, 0x5a, 0x68, 0x5a, 0x1e, 0x09,
  0x10, 0x0b, 0x16, 0x0e, 0x16, 0x03, 0x21, 0x90, 0x56, 0x80, 0xd8, 0x32,
  0x03, 0x16, 0x0e, 0x14, 0x0d, 0x0c, 0x0e, 0x0e, 0x33, 0x98, 0xaa, 0x98,
  0x33, 0x0f, 0x0d, 0x03, 0x06, 0x03, 0x0d, 0x14, 0x0f, 0x14, 0x01, 0x03,
  0x33, 0xd6, 0x00, 0x00, 0x00, 0x02, 0x00, 0x00, 0x00, 0x00, 0x02, 0x83,
  0x02, 0xb1, 0x00, 0x13, 0x00, 0x2e, 0x00, 0x2a, 0x40, 0x27, 0x27, 0x0a,
  0x02, 0x03, 0x04, 0x01, 0x4c, 0x00, 0x02, 0x01, 0x02, 0x85, 0x00, 0x01,
  0x04, 0x01, 0x85, 0x00, 0x04, 0x03, 0x04, 0x85, 0x00, 0x03, 0x00, 0x03,
  0x85, 0x00, 0x00, 0x00, 0x76, 0x2f, 0x17, 0x12, 0x16, 0x26, 0x05, 0x06,
  0x1b, 0x2b, 0x01, 0x11, 0x14, 0x06, 0x26, 0x2f, 0x01, 0x23, 0x22, 0x26,
  0x27, 0x35, 0x34, 0x36, 0x37, 0x33, 0x37, 0x36, 0x32, 0x16, 0x13, 0x14,
  0x06, 0x07, 0x06, 0x23, 0x22, 0x26, 0x37, 0x34, 0x3e, 0x03, 0x2e, 0x04,
  0x37, 0x34, 0x36, 0x17, 0x32, 0x17, 0x1e, 0x01, 0x01, 0xad, 0x16, 0x1c,
  0x0b, 0xba, 0x92, 0x0f, 0x14, 0x01, 0x16, 0x0e, 0x92, 0xba, 0x0a, 0x1e,
  0x14, 0xd7, 0x30, 0x27, 0x05, 0x09, 0x0e, 0x16, 0x01, 0x0c, 0x16, 0x10,
  0x10, 0x04, 0x08, 0x18, 0x0e, 0x14, 0x04, 0x14, 0x0f, 0x09, 0x05, 0x27,
  0x30, 0x02, 0x8e, 0xfd, 0xa0, 0x0e, 0x16, 0x02, 0x09, 0xba, 0x16, 0x0e,
  0xd6, 0x0f, 0x14, 0x01, 0xba, 0x0a, 0x14, 0xfe, 0xc1, 0x2a, 0x4a, 0x0f,
  0x03, 0x14, 0x10, 0x0c, 0x10, 0x0c, 0x0c, 0x1e, 0x20, 0x20, 0x08, 0x12,
  0x08, 0x10, 0x0f, 0x16, 0x01, 0x03, 0x0f, 0x4a, 0x00, 0x01, 0x00, 0x00,
  0x00, 0x00, 0x01, 0xad, 0x02, 0xb1, 0x00, 0x13, 0x00, 0x1d, 0x40, 0x1a,
  0x0a, 0x01, 0x00, 0x01, 0x01, 0x4c, 0x00, 0x02, 0x01, 0x02, 0x85, 0x00,
  0x01, 0x00, 0x01, 0x85, 0x00, 0x00, 0x00, 0x76, 0x12, 0x16, 0x26, 0x03,
  0x06, 0x19, 0x2b, 0x01, 0x11, 0x14, 0x06, 0x26, 0x2f, 0x01, 0x23, 0x22,
  0x26, 0x27, 0x35, 0x34, 0x36, 0x37, 0x33, 0x37, 0x36, 0x32, 0x16, 0x01,
  0xad, 0x16, 0x1c, 0x0b, 0xba, 0x92, 0x0f, 0x14, 0x01, 0x16, 0x0e, 0x92,
  0xba, 0x0a, 0x1e, 0x14, 0x02, 0x8e, 0xfd, 0xa0, 0x0e, 0x16, 0x02, 0x09,
  0xba, 0x16, 0x0e, 0xd6, 0x0f, 0x14, 0x01, 0xba, 0x0a, 0x14, 0x00, 0x00,
  0x00, 0x02, 0x00, 0x00, 0xff, 0xb1, 0x03, 0x5a, 0x03, 0x0b, 0x00, 0x08,
  0x00, 0x6a, 0x00, 0x45, 0x40, 0x42, 0x65, 0x59, 0x4c, 0x41, 0x04, 0x00,
  0x04, 0x3b, 0x0a, 0x02, 0x01, 0x00, 0x34, 0x28, 0x1b, 0x10, 0x04, 0x03,
  0x01, 0x03, 0x4c, 0x00, 0x05, 0x04, 0x05, 0x85, 0x06, 0x01, 0x04, 0x00,
  0x04, 0x85, 0x00, 0x00, 0x01, 0x00, 0x85, 0x00, 0x01, 0x03, 0x01, 0x85,
  0x00, 0x03, 0x02, 0x03, 0x85, 0x00, 0x02, 0x02, 0x76, 0x5c, 0x5b, 0x53,
  0x51, 0x49, 0x48, 0x2b, 0x2a, 0x22, 0x20, 0x13, 0x12, 0x07, 0x06, 0x18,
  0x2b, 0x01, 0x34, 0x26, 0x22, 0x0e, 0x01, 0x16, 0x32, 0x36, 0x25, 0x15,
  0x14, 0x06, 0x0f, 0x01, 0x06, 0x07, 0x16, 0x17, 0x16, 0x14, 0x07, 0x0e,
  0x01, 0x27, 0x22, 0x2f, 0x01, 0x06, 0x07, 0x06, 0x07, 0x06, 0x2b, 0x01,
  0x22, 0x26, 0x35, 0x27, 0x26, 0x27, 0x07, 0x06, 0x22, 0x27, 0x26, 0x27,
  0x26, 0x34, 0x37, 0x3e, 0x01, 0x37, 0x26, 0x2f, 0x01, 0x2e, 0x01, 0x27,
  0x35, 0x34, 0x36, 0x3f, 0x01, 0x36, 0x37, 0x26, 0x27, 0x26, 0x34, 0x37,
  0x3e, 0x01, 0x33, 0x32, 0x1f, 0x01, 0x36, 0x37, 0x36, 0x37, 0x36, 0x3b,
  0x01, 0x32, 0x16, 0x1f, 0x01, 0x16, 0x17, 0x37, 0x36, 0x32, 0x17, 0x16,
  0x17, 0x16, 0x14, 0x07, 0x0e, 0x01, 0x07, 0x16, 0x1f, 0x01, 0x1e, 0x01,
  0x02, 0x3b, 0x52, 0x78, 0x52, 0x02, 0x56, 0x74, 0x56, 0x01, 0x1c, 0x08,
  0x07, 0x68, 0x0a, 0x0b, 0x13, 0x28, 0x06, 0x05, 0x0f, 0x50, 0x0d, 0x07,
  0x07, 0x4d, 0x19, 0x1a, 0x09, 0x07, 0x04, 0x10, 0x7c, 0x08, 0x0c, 0x10,
  0x1b, 0x17, 0x4f, 0x06, 0x10, 0x06, 0x46, 0x16, 0x04, 0x05, 0x08, 0x28,
  0x0a, 0x0f, 0x08, 0x66, 0x07, 0x08, 0x01, 0x0a, 0x05, 0x68, 0x08, 0x0e,
  0x17, 0x25, 0x06, 0x05, 0x0f, 0x50, 0x0d, 0x07, 0x08, 0x4d, 0x18, 0x1a,
  0x09, 0x08, 0x03, 0x11, 0x7c, 0x07, 0x0c, 0x01, 0x0f, 0x1c, 0x17, 0x4f,
  0x05, 0x0f, 0x07, 0x48, 0x14, 0x04, 0x04, 0x09, 0x28, 0x0a, 0x0f, 0x08,
  0x66, 0x07, 0x0a, 0x01, 0x5e, 0x3b, 0x54, 0x54, 0x76, 0x54, 0x54, 0x78,
  0x7c, 0x07, 0x0c, 0x01, 0x10, 0x1e, 0x15, 0x1b, 0x32, 0x06, 0x0e, 0x06,
  0x15, 0x50, 0x01, 0x05, 0x3c, 0x0d, 0x08, 0x4c, 0x1c, 0x10, 0x0a, 0x07,
  0x67, 0x09, 0x0c, 0x3c, 0x05, 0x06, 0x40, 0x1e, 0x05, 0x0e, 0x06, 0x0c,
  0x32, 0x0f, 0x1c, 0x1b, 0x0f, 0x01, 0x0c, 0x07, 0x7c, 0x07, 0x0c, 0x01,
  0x10, 0x19, 0x1a, 0x20, 0x2d, 0x07, 0x0c, 0x07, 0x14, 0x50, 0x05, 0x3c,
  0x0d, 0x08, 0x4c, 0x1c, 0x10, 0x0a, 0x07, 0x67, 0x09, 0x0b, 0x3b, 0x05,
  0x05, 0x43, 0x1c, 0x05, 0x0e, 0x06, 0x0c, 0x32, 0x0f, 0x1c, 0x1a, 0x10,
  0x01, 0x0c, 0x00, 0x00, 0x00, 0x05, 0x00, 0x00, 0xff, 0xf9, 0x03, 0xe4,
  0x03, 0x0b, 0x00, 0x06, 0x00, 0x0f, 0x00, 0x39, 0x00, 0x3e, 0x00, 0x48,
  0x01, 0x07, 0x40, 0x15, 0x40, 0x3e, 0x3b, 0x10, 0x03, 0x02, 0x01, 0x07,
  0x00, 0x04, 0x34, 0x01, 0x01, 0x00, 0x02, 0x4c, 0x41, 0x01, 0x04, 0x01,
  0x4b, 0x4b, 0xb0, 0x0a, 0x50, 0x58, 0x40, 0x30, 0x00, 0x07, 0x03, 0x04,
  0x03, 0x07, 0x04, 0x80, 0x00, 0x00, 0x04, 0x01, 0x01, 0x00, 0x72, 0x00,
  0x03, 0x00, 0x04, 0x00, 0x03, 0x04, 0x67, 0x08, 0x01, 0x01, 0x00, 0x06,
  0x05, 0x01, 0x06, 0x68, 0x00, 0x05, 0x02, 0x02, 0x05, 0x57, 0x00, 0x05,
  0x05, 0x02, 0x5f, 0x00, 0x02, 0x05, 0x02, 0x4f, 0x1b, 0x4b, 0xb0, 0x0b,
  0x50, 0x58, 0x40, 0x29, 0x00, 0x00, 0x04, 0x01, 0x01, 0x00, 0x72, 0x07,
  0x01, 0x03, 0x00, 0x04, 0x00, 0x03, 0x04, 0x67, 0x08, 0x01, 0x01, 0x00,
  0x06, 0x05, 0x01, 0x06, 0x68, 0x00, 0x05, 0x02, 0x02, 0x05, 0x57, 0x00,
  0x05, 0x05, 0x02, 0x5f, 0x00, 0x02, 0x05, 0x02, 0x4f, 0x1b, 0x4b, 0xb0,
  0x17, 0x50, 0x58, 0x40, 0x30, 0x00, 0x07, 0x03, 0x04, 0x03, 0x07, 0x04,
  0x80, 0x00, 0x00, 0x04, 0x01, 0x01, 0x00, 0x72, 0x00, 0x03, 0x00, 0x04,
  0x00, 0x03, 0x04, 0x67, 0x08, 0x01, 0x01, 0x00, 0x06, 0x05, 0x01, 0x06,
  0x68, 0x00, 0x05, 0x02, 0x02, 0x05, 0x57, 0x00, 0x05, 0x05, 0x02, 0x5f,
  0x00, 0x02, 0x05, 0x02, 0x4f, 0x1b, 0x40, 0x31, 0x00, 0x07, 0x03, 0x04,
  0x03, 0x07, 0x04, 0x80, 0x00, 0x00, 0x04, 0x01, 0x04, 0x00, 0x01, 0x80,
  0x00, 0x03, 0x00, 0x04, 0x00, 0x03, 0x04, 0x67, 0x08, 0x01, 0x01, 0x00,
  0x06, 0x05, 0x01, 0x06, 0x68, 0x00, 0x05, 0x02, 0x02, 0x05, 0x57, 0x00,
  0x05, 0x05, 0x02, 0x5f, 0x00, 0x02, 0x05, 0x02, 0x4f, 0x59, 0x59, 0x59,
  0x40, 0x16, 0x00, 0x00, 0x44, 0x43, 0x3d, 0x3c, 0x31, 0x2e, 0x29, 0x26,
  0x1e, 0x1b, 0x16, 0x13, 0x00, 0x06, 0x00, 0x06, 0x14, 0x09, 0x06, 0x17,
  0x2b, 0x25, 0x37, 0x27, 0x07, 0x15, 0x33, 0x15, 0x01, 0x26, 0x0f, 0x01,
  0x06, 0x16, 0x3f, 0x01, 0x36, 0x13, 0x15, 0x14, 0x06, 0x23, 0x21, 0x22,
  0x26, 0x35, 0x11, 0x34, 0x36, 0x37, 0x21, 0x32, 0x17, 0x1e, 0x01, 0x0f,
  0x01, 0x06, 0x27, 0x26, 0x23, 0x21, 0x22, 0x06, 0x07, 0x11, 0x14, 0x16,
  0x17, 0x21, 0x32, 0x36, 0x3d, 0x01, 0x34, 0x3f, 0x01, 0x36, 0x16, 0x03,
  0x17, 0x01, 0x23, 0x35, 0x01, 0x07, 0x27, 0x37, 0x36, 0x32, 0x1f, 0x01,
  0x16, 0x14, 0x01, 0xf0, 0x40, 0x55, 0x40, 0x35, 0x01, 0x15, 0x09, 0x09,
  0xc4, 0x09, 0x12, 0x09, 0xc4, 0x09, 0x24, 0x5e, 0x43, 0xfe, 0x30, 0x43,
  0x5e, 0x5e, 0x43, 0x01, 0xd0, 0x23, 0x1e, 0x09, 0x03, 0x07, 0x1b, 0x08,
  0x0a, 0x0d, 0x0c, 0xfe, 0x30, 0x25, 0x34, 0x01, 0x36, 0x24, 0x01, 0xd0,
  0x25, 0x34, 0x05, 0x24, 0x08, 0x18, 0x37, 0xa1, 0xfe, 0x89, 0xa1, 0x02,
  0x6f, 0x33, 0xa1, 0x33, 0x10, 0x2c, 0x10, 0x55, 0x10, 0xbd, 0x41, 0x55,
  0x41, 0x1f, 0x36, 0x01, 0x92, 0x09, 0x09, 0xc4, 0x09, 0x12, 0x09, 0xc4,
  0x09, 0xfe, 0xbe, 0x6a, 0x43, 0x5e, 0x5e, 0x43, 0x01, 0xd0, 0x42, 0x5e,
  0x01, 0x0e, 0x04, 0x13, 0x06, 0x1c, 0x08, 0x04, 0x03, 0x34, 0x25, 0xfe,
  0x30, 0x25, 0x34, 0x01, 0x36, 0x24, 0x46, 0x07, 0x05, 0x24, 0x08, 0x08,
  0x01, 0x8f, 0xa0, 0xfe, 0x89, 0xa0, 0x01, 0x2e, 0x34, 0xa1, 0x34, 0x0f,
  0x0f, 0x55, 0x10, 0x2c, 0x00, 0x01, 0x00, 0x00, 0xff, 0xf9, 0x03, 0xa1,
  0x03, 0x0c, 0x00, 0x25, 0x00, 0x30, 0x40, 0x2d, 0x04, 0x01, 0x02, 0x01,
  0x00, 0x01, 0x02, 0x00, 0x80, 0x00, 0x00, 0x03, 0x01, 0x00, 0x03, 0x7e,
  0x00, 0x03, 0x03, 0x84, 0x00, 0x05, 0x01, 0x01, 0x05, 0x59, 0x00, 0x05,
  0x05, 0x01, 0x61, 0x00, 0x01, 0x05, 0x01, 0x51, 0x13, 0x25, 0x35, 0x23,
  0x15, 0x24, 0x06, 0x06, 0x1c, 0x2b, 0x01, 0x15, 0x14, 0x06, 0x07, 0x23,
  0x22, 0x26, 0x3d, 0x01, 0x34, 0x26, 0x0e, 0x01, 0x07, 0x15, 0x33, 0x32,
  0x16, 0x17, 0x11, 0x14, 0x06, 0x07, 0x21, 0x22, 0x26, 0x27, 0x11, 0x34,
  0x36, 0x17, 0x21, 0x35, 0x34, 0x3e, 0x01, 0x16, 0x03, 0xa1, 0x16, 0x0e,
  0x24, 0x0e, 0x16, 0x52, 0x78, 0x52, 0x01, 0x35, 0x17, 0x1e, 0x01, 0x20,
  0x16, 0xfd, 0xe9, 0x17, 0x1e, 0x01, 0x20, 0x16, 0x01, 0x77, 0x92, 0xd0,
  0x90, 0x02, 0x11, 0x8f, 0x0f, 0x14, 0x01, 0x16, 0x0e, 0x8f, 0x3b, 0x54,
  0x02, 0x50, 0x3d, 0x6c, 0x1e, 0x17, 0xfe, 0xbe, 0x16, 0x1e, 0x01, 0x20,
  0x15, 0x01, 0x42, 0x16, 0x20, 0x01, 0x6c, 0x67, 0x92, 0x02, 0x96, 0x00,
  0x00, 0x04, 0x00, 0x00, 0xff, 0xf9, 0x03, 0xa1, 0x03, 0x52, 0x00, 0x08,
  0x00, 0x11, 0x00, 0x27, 0x00, 0x3f, 0x00, 0x49, 0x40, 0x46, 0x3c, 0x01,
  0x07, 0x08, 0x09, 0x00, 0x02, 0x02, 0x00, 0x02, 0x4c, 0x00, 0x08, 0x07,
  0x08, 0x85, 0x09, 0x01, 0x07, 0x03, 0x07, 0x85, 0x00, 0x06, 0x03, 0x04,
  0x03, 0x06, 0x04, 0x80, 0x00, 0x04, 0x00, 0x02, 0x04, 0x59, 0x05, 0x01,
  0x03, 0x01, 0x01, 0x00, 0x02, 0x03, 0x00, 0x69, 0x00, 0x04, 0x04, 0x02,
  0x5f, 0x00, 0x02, 0x04, 0x02, 0x4f, 0x3f, 0x3d, 0x24, 0x25, 0x16, 0x22,
  0x12, 0x25, 0x39, 0x18, 0x12, 0x0a, 0x06, 0x1f, 0x2b, 0x25, 0x34, 0x2e,
  0x01, 0x0e, 0x01, 0x16, 0x3e, 0x01, 0x37, 0x34, 0x2e, 0x01, 0x0e, 0x01,
  0x16, 0x3e, 0x01, 0x37, 0x15, 0x14, 0x06, 0x07, 0x21, 0x22, 0x26, 0x27,
  0x35, 0x34, 0x36, 0x33, 0x21, 0x17, 0x16, 0x32, 0x3f, 0x01, 0x21, 0x32,
  0x16, 0x03, 0x16, 0x0f, 0x01, 0x06, 0x22, 0x2f, 0x01, 0x26, 0x37, 0x36,
  0x3b, 0x01, 0x35, 0x34, 0x36, 0x37, 0x33, 0x32, 0x16, 0x07, 0x15, 0x33,
  0x32, 0x02, 0xca, 0x14, 0x1e, 0x14, 0x02, 0x18, 0x1a, 0x18, 0x8d, 0x14,
  0x20, 0x12, 0x02, 0x16, 0x1c, 0x18, 0x46, 0x20, 0x16, 0xfc, 0xcb, 0x17,
  0x1e, 0x01, 0x20, 0x16, 0x01, 0x03, 0x4b, 0x21, 0x56, 0x21, 0x4c, 0x01,
  0x03, 0x16, 0x20, 0xb6, 0x0a, 0x12, 0xfa, 0x0a, 0x1e, 0x0a, 0xfa, 0x11,
  0x09, 0x0a, 0x17, 0x8f, 0x16, 0x0e, 0x8f, 0x0e, 0x16, 0x01, 0x8f, 0x18,
  0x64, 0x0f, 0x14, 0x02, 0x18, 0x1a, 0x18, 0x02, 0x14, 0x0f, 0x0f, 0x14,
  0x02, 0x18, 0x1a, 0x18, 0x02, 0x14, 0x8c, 0xb3, 0x16, 0x1e, 0x01, 0x20,
  0x15, 0xb3, 0x16, 0x20, 0x4c, 0x20, 0x20, 0x4c, 0x20, 0x01, 0x28, 0x17,
  0x10, 0xfa, 0x0b, 0x0b, 0xfa, 0x10, 0x17, 0x15, 0xfa, 0x0f, 0x14, 0x01,
  0x16, 0x0e, 0xfa, 0x00, 0x00, 0x02, 0xff, 0xff, 0xff, 0x6a, 0x03, 0xa1,
  0x03, 0x0d, 0x00, 0x08, 0x00, 0x21, 0x00, 0x32, 0x40, 0x2f, 0x1f, 0x01,
  0x01, 0x00, 0x0e, 0x01, 0x03, 0x01, 0x02, 0x4c, 0x00, 0x02, 0x03, 0x02,
  0x86, 0x00, 0x04, 0x00, 0x00, 0x01, 0x04, 0x00, 0x69, 0x00, 0x01, 0x03,
  0x03, 0x01, 0x59, 0x00, 0x01, 0x01, 0x03, 0x61, 0x00, 0x03, 0x01, 0x03,
  0x51, 0x17, 0x23, 0x14, 0x13, 0x12, 0x05, 0x06, 0x1b, 0x2b, 0x01, 0x34,
  0x2e, 0x01, 0x06, 0x14, 0x16, 0x3e, 0x01, 0x01, 0x14, 0x06, 0x22, 0x2f,
  0x01, 0x06, 0x23, 0x22, 0x2e, 0x02, 0x3e, 0x04, 0x1e, 0x02, 0x17, 0x14,
  0x07, 0x17, 0x16, 0x02, 0x83, 0x92, 0xd0, 0x92, 0x92, 0xd0, 0x92, 0x01,
  0x1e, 0x2c, 0x3a, 0x14, 0xbf, 0x64, 0x7b, 0x50, 0x92, 0x68, 0x40, 0x02,
  0x3c, 0x6c, 0x8e, 0xa4, 0x8e, 0x6c, 0x3c, 0x01, 0x45, 0xbf, 0x15, 0x01,
  0x82, 0x67, 0x92, 0x02, 0x96, 0xca, 0x98, 0x06, 0x8c, 0xfe, 0x9a, 0x1d,
  0x2a, 0x15, 0xbf, 0x45, 0x3e, 0x6a, 0x90, 0xa2, 0x8e, 0x6e, 0x3a, 0x04,
  0x42, 0x66, 0x96, 0x4d, 0x7b, 0x64, 0xbf, 0x15, 0x00, 0x01, 0x00, 0x00,
  0x00, 0x00, 0x03, 0xa5, 0x02, 0x98, 0x00, 0x15, 0x00, 0x1d, 0x40, 0x1a,
  0x0f, 0x01, 0x00, 0x01, 0x01, 0x4c, 0x00, 0x02, 0x01, 0x02, 0x85, 0x00,
  0x01, 0x00, 0x01, 0x85, 0x00, 0x00, 0x00, 0x76, 0x14, 0x17, 0x14, 0x03,
  0x06, 0x19, 0x2b, 0x01, 0x14, 0x07, 0x01, 0x06, 0x22, 0x27, 0x01, 0x26,
  0x34, 0x3f, 0x01, 0x36, 0x32, 0x1f, 0x01, 0x01, 0x36, 0x32, 0x1f, 0x01,
  0x16, 0x03, 0xa5, 0x10, 0xfe, 0x20, 0x10, 0x2c, 0x10, 0xfe, 0xea, 0x0f,
  0x0f, 0x4c, 0x10, 0x2c, 0x10, 0xa4, 0x01, 0x6e, 0x10, 0x2c, 0x10, 0x4c,
  0x10, 0x02, 0x16, 0x16, 0x10, 0xfe, 0x20, 0x0f, 0x0f, 0x01, 0x16, 0x10,
  0x2c, 0x10, 0x4c, 0x10, 0x10, 0xa5, 0x01, 0x6f, 0x10, 0x10, 0x4c, 0x0f,
  0x00, 0x02, 0x00, 0x00, 0xff, 0x92, 0x03, 0x98, 0x03, 0x2a, 0x00, 0x08,
  0x00, 0x11, 0x00, 0x2b, 0x40, 0x28, 0x04, 0x01, 0x00, 0x03, 0x00, 0x85,
  0x00, 0x03, 0x02, 0x03, 0x85, 0x05, 0x01, 0x02, 0x01, 0x02, 0x85, 0x00,
  0x01, 0x01, 0x76, 0x0a, 0x09, 0x01, 0x00, 0x0e, 0x0d, 0x09, 0x11, 0x0a,
  0x11, 0x05, 0x04, 0x00, 0x08, 0x01, 0x08, 0x06, 0x06, 0x16, 0x2b, 0x01,
  0x32, 0x00, 0x10, 0x00, 0x20, 0x00, 0x10, 0x00, 0x13, 0x32, 0x36, 0x34,
  0x26, 0x22, 0x06, 0x14, 0x16, 0x01, 0xcc, 0xbe, 0x01, 0x0e, 0xfe, 0xf2,
  0xfe, 0x84, 0xfe, 0xf2, 0x01, 0x0e, 0xbe, 0x3e, 0x58, 0x56, 0x7e, 0x58,
  0x58, 0x03, 0x2a, 0xfe, 0xf2, 0xfe, 0x84, 0xfe, 0xf2, 0x01, 0x0e, 0x01,
  0x7c, 0x01, 0x0e, 0xfd, 0x9e, 0x58, 0x7e, 0x56, 0x58, 0x7c, 0x58, 0x00,
  0x00, 0x03, 0x00, 0x00, 0xff, 0x9f, 0x03, 0x8f, 0x03, 0x1d, 0x00, 0x03,
  0x00, 0x07, 0x00, 0x0b, 0x00, 0x40, 0x40, 0x3d, 0x00, 0x00, 0x03, 0x01,
  0x03, 0x00, 0x01, 0x80, 0x06, 0x01, 0x01, 0x01, 0x84, 0x08, 0x05, 0x02,
  0x02, 0x03, 0x03, 0x02, 0x57, 0x08, 0x05, 0x02, 0x02, 0x02, 0x03, 0x5f,
  0x04, 0x07, 0x02, 0x03, 0x02, 0x03, 0x4f, 0x08, 0x08, 0x04, 0x04, 0x00,
  0x00, 0x08, 0x0b, 0x08, 0x0b, 0x0a, 0x09, 0x04, 0x07, 0x04, 0x07, 0x06,
  0x05, 0x00, 0x03, 0x00, 0x03, 0x11, 0x09, 0x06, 0x17, 0x2b, 0x17, 0x11,
  0x21, 0x11, 0x01, 0x35, 0x21, 0x17, 0x25, 0x15, 0x21, 0x37, 0x12, 0x03,
  0x7d, 0xfe, 0x7a, 0x01, 0x16, 0x70, 0xfe, 0x0a, 0xfe, 0x79, 0x70, 0x61,
  0x02, 0x2f, 0xfd, 0xd1, 0x02, 0x9f, 0xdf, 0xdf, 0xdf, 0xdf, 0xdf, 0x00,
  0x00, 0x02, 0xff, 0xfd, 0xff, 0xb1, 0x03, 0x5f, 0x03, 0x0b, 0x00, 0x23,
  0x00, 0x30, 0x00, 0x41, 0x40, 0x3e, 0x0d, 0x01, 0x00, 0x01, 0x1f, 0x01,
  0x04, 0x03, 0x02, 0x4c, 0x02, 0x01, 0x00, 0x01, 0x03, 0x01, 0x00, 0x03,
  0x80, 0x05, 0x01, 0x03, 0x04, 0x01, 0x03, 0x04, 0x7e, 0x00, 0x07, 0x00,
  0x01, 0x00, 0x07, 0x01, 0x67, 0x00, 0x04, 0x06, 0x06, 0x04, 0x57, 0x00,
  0x04, 0x04, 0x06, 0x61, 0x00, 0x06, 0x04, 0x06, 0x51, 0x15, 0x15, 0x23,
  0x24, 0x25, 0x23, 0x24, 0x14, 0x08, 0x06, 0x1e, 0x2b, 0x01, 0x35, 0x34,
  0x26, 0x07, 0x23, 0x35, 0x34, 0x26, 0x27, 0x23, 0x22, 0x06, 0x07, 0x15,
  0x23, 0x22, 0x06, 0x17, 0x15, 0x14, 0x16, 0x37, 0x33, 0x15, 0x14, 0x16,
  0x17, 0x33, 0x32, 0x36, 0x37, 0x35, 0x33, 0x32, 0x36, 0x37, 0x14, 0x0e,
  0x01, 0x22, 0x2e, 0x02, 0x3e, 0x01, 0x32, 0x1e, 0x01, 0x02, 0xa7, 0x16,
  0x0e, 0x8f, 0x16, 0x0e, 0x47, 0x0f, 0x14, 0x01, 0x8f, 0x0e, 0x16, 0x01,
  0x14, 0x0f, 0x8f, 0x16, 0x0e, 0x47, 0x0f, 0x14, 0x01, 0x8f, 0x0e, 0x16,
  0xb2, 0x72, 0xc6, 0xe8, 0xc8, 0x6e, 0x06, 0x7a, 0xbc, 0xf4, 0xba, 0x7e,
  0x01, 0x3a, 0x48, 0x0e, 0x16, 0x01, 0x8f, 0x0f, 0x14, 0x01, 0x16, 0x0e,
  0x8f, 0x14, 0x0f, 0x48, 0x0e, 0x16, 0x01, 0x8f, 0x0f, 0x14, 0x01, 0x16,
  0x0e, 0x8f, 0x14, 0x33, 0x75, 0xc4, 0x74, 0x74, 0xc4, 0xea, 0xc4, 0x74,
  0x74, 0xc4, 0x00, 0x00, 0x00, 0x02, 0xff, 0xfd, 0xff, 0xb1, 0x03, 0x5f,
  0x03, 0x0b, 0x00, 0x0f, 0x00, 0x1c, 0x00, 0x1d, 0x40, 0x1a, 0x00, 0x03,
  0x00, 0x03, 0x85, 0x00, 0x00, 0x01, 0x00, 0x85, 0x00, 0x01, 0x02, 0x01,
  0x85, 0x00, 0x02, 0x02, 0x76, 0x15, 0x15, 0x35, 0x24, 0x04, 0x06, 0x1a,
  0x2b, 0x01, 0x35, 0x34, 0x26, 0x07, 0x21, 0x22, 0x06, 0x17, 0x15, 0x14,
  0x16, 0x37, 0x21, 0x32, 0x36, 0x37, 0x14, 0x0e, 0x01, 0x22, 0x2e, 0x02,
  0x3e, 0x01, 0x32, 0x1e, 0x01, 0x02, 0xa7, 0x16, 0x0e, 0xfe, 0x53, 0x0e,
  0x16, 0x01, 0x14, 0x0f, 0x01, 0xad, 0x0e, 0x16, 0xb2, 0x72, 0xc6, 0xe8,
  0xc8, 0x6e, 0x06, 0x7a, 0xbc, 0xf4, 0xba, 0x7e, 0x01, 0x3a, 0x48, 0x0e,
  0x16, 0x01, 0x14, 0x0f, 0x48, 0x0e, 0x16, 0x01, 0x14, 0x33, 0x75, 0xc4,
  0x74, 0x74, 0xc4, 0xea, 0xc4, 0x74, 0x74, 0xc4, 0x00, 0x03, 0xff, 0xff,
  0xff, 0xb0, 0x03, 0x59, 0x03, 0x10, 0x00, 0x09, 0x00, 0x12, 0x00, 0x23,
  0x00, 0x2a, 0x40, 0x27, 0x0b, 0x03, 0x02, 0x03, 0x00, 0x01, 0x01, 0x4c,
  0x00, 0x03, 0x00, 0x01, 0x00, 0x03, 0x01, 0x69, 0x00, 0x00, 0x02, 0x02,
  0x00, 0x59, 0x00, 0x00, 0x00, 0x02, 0x61, 0x00, 0x02, 0x00, 0x02, 0x51,
  0x17, 0x19, 0x26, 0x24, 0x04, 0x06, 0x1a, 0x2b, 0x01, 0x34, 0x27, 0x01,
  0x16, 0x33, 0x32, 0x3e, 0x02, 0x05, 0x01, 0x26, 0x23, 0x22, 0x0e, 0x01,
  0x07, 0x14, 0x25, 0x14, 0x0e, 0x02, 0x2e, 0x03, 0x3e, 0x04, 0x1e, 0x02,
  0x02, 0xdc, 0x30, 0xfe, 0x5b, 0x4c, 0x5a, 0x3e, 0x70, 0x50, 0x32, 0xfd,
  0xd2, 0x01, 0xa5, 0x4b, 0x5c, 0x53, 0x8c, 0x50, 0x01, 0x02, 0xdc, 0x44,
  0x72, 0xa0, 0xac, 0xa2, 0x70, 0x46, 0x02, 0x42, 0x74, 0x9e, 0xb0, 0x9c,
  0x76, 0x40, 0x01, 0x60, 0x5a, 0x4a, 0xfe, 0x5c, 0x32, 0x32, 0x50, 0x72,
  0x69, 0x01, 0xa5, 0x32, 0x50, 0x8e, 0x52, 0x5b, 0x5b, 0x58, 0xa0, 0x72,
  0x46, 0x02, 0x42, 0x76, 0x9c, 0xb4, 0x9a, 0x78, 0x3e, 0x06, 0x4a, 0x6c,
  0xa6, 0x00, 0x00, 0x00, 0x00, 0x02, 0xff, 0xff, 0xff, 0xf9, 0x04, 0x19,
  0x03, 0x0b, 0x00, 0x12, 0x00, 0x29, 0x00, 0x2c, 0x40, 0x29, 0x00, 0x03,
  0x04, 0x03, 0x85, 0x00, 0x01, 0x02, 0x00, 0x02, 0x01, 0x00, 0x80, 0x00,
  0x00, 0x00, 0x84, 0x00, 0x04, 0x02, 0x02, 0x04, 0x57, 0x00, 0x04, 0x04,
  0x02, 0x5f, 0x00, 0x02, 0x04, 0x02, 0x4f, 0x23, 0x3a, 0x23, 0x36, 0x35,
  0x05, 0x06, 0x1b, 0x2b, 0x01, 0x14, 0x0f, 0x01, 0x0e, 0x01, 0x23, 0x21,
  0x22, 0x2e, 0x01, 0x3f, 0x01, 0x3e, 0x01, 0x33, 0x21, 0x32, 0x16, 0x27,
  0x15, 0x21, 0x22, 0x06, 0x0f, 0x02, 0x27, 0x26, 0x37, 0x11, 0x34, 0x36,
  0x3b, 0x01, 0x32, 0x16, 0x1d, 0x01, 0x21, 0x32, 0x16, 0x04, 0x19, 0x12,
  0xbb, 0x18, 0x56, 0x26, 0xfd, 0xa1, 0x13, 0x1c, 0x01, 0x11, 0xbc, 0x18,
  0x56, 0x25, 0x02, 0x5f, 0x13, 0x1e, 0xc0, 0xfe, 0x30, 0x35, 0x72, 0x23,
  0xbc, 0x02, 0x01, 0x01, 0x01, 0x4a, 0x33, 0xb3, 0x33, 0x4a, 0x01, 0x2f,
  0x34, 0x48, 0x01, 0x3f, 0x11, 0x14, 0xdd, 0x1c, 0x28, 0x0e, 0x22, 0x14,
  0xdd, 0x1c, 0x28, 0x0e, 0xaf, 0x5a, 0x34, 0x29, 0xdd, 0x03, 0x07, 0x05,
  0x02, 0x02, 0x18, 0x33, 0x4a, 0x4a, 0x33, 0x12, 0x4a, 0x00, 0x00, 0x00,
  0x00, 0x01, 0xff, 0xf0, 0xff, 0x7f, 0x03, 0xeb, 0x03, 0x45, 0x00, 0x39,
  0x00, 0x0f, 0x40, 0x0c, 0x2c, 0x01, 0x00, 0x4a, 0x00, 0x00, 0x00, 0x76,
  0x13, 0x01, 0x06, 0x17, 0x2b, 0x25, 0x06, 0x07, 0x06, 0x26, 0x27, 0x26,
  0x27, 0x26, 0x27, 0x26, 0x37, 0x36, 0x3f, 0x01, 0x36, 0x37, 0x36, 0x1e,
  0x02, 0x07, 0x06, 0x07, 0x06, 0x07, 0x06, 0x17, 0x16, 0x17, 0x16, 0x17,
  0x16, 0x36, 0x37, 0x3e, 0x01, 0x27, 0x34, 0x27, 0x26, 0x27, 0x2e, 0x01,
  0x07, 0x35, 0x36, 0x17, 0x16, 0x17, 0x16, 0x17, 0x16, 0x17, 0x16, 0x06,
  0x07, 0x06, 0x03, 0x57, 0x45, 0x5f, 0x5a, 0xc7, 0x5a, 0x5e, 0x44, 0x5d,
  0x25, 0x23, 0x1a, 0x1a, 0x55, 0x04, 0x13, 0x0c, 0x1b, 0x42, 0x2e, 0x08,
  0x0e, 0x07, 0x09, 0x45, 0x1a, 0x19, 0x16, 0x17, 0x43, 0x4a, 0x69, 0x62,
  0xc6, 0x43, 0x35, 0x39, 0x01, 0x20, 0x29, 0x53, 0x50, 0xcd, 0x65, 0x75,
  0x77, 0x75, 0x5c, 0x60, 0x2f, 0x23, 0x02, 0x02, 0x38, 0x37, 0x10, 0x09,
  0x45, 0x23, 0x21, 0x06, 0x25, 0x27, 0x44, 0x5d, 0x7f, 0x7b, 0x7d, 0x80,
  0x63, 0x04, 0x17, 0x07, 0x11, 0x07, 0x2e, 0x3e, 0x1b, 0x0d, 0x09, 0x4a,
  0x60, 0x5e, 0x5b, 0x5e, 0x43, 0x4a, 0x14, 0x12, 0x45, 0x4d, 0x3d, 0x98,
  0x50, 0x52, 0x4c, 0x61, 0x40, 0x3d, 0x22, 0x22, 0x01, 0x29, 0x13, 0x13,
  0x46, 0x49, 0x70, 0x52, 0x59, 0x57, 0xa6, 0x45, 0x16, 0x00, 0x00, 0x00,
  0x00, 0x01, 0x00, 0x00, 0xff, 0x6a, 0x03, 0xe8, 0x03, 0x52, 0x00, 0x44,
  0x00, 0x52, 0x40, 0x4f, 0x00, 0x0a, 0x09, 0x0a, 0x85, 0x0b, 0x01, 0x09,
  0x07, 0x09, 0x85, 0x0d, 0x01, 0x07, 0x08, 0x07, 0x85, 0x06, 0x01, 0x00,
  0x01, 0x02, 0x01, 0x00, 0x02, 0x80, 0x04, 0x01, 0x02, 0x03, 0x01, 0x02,
  0x03, 0x7e, 0x00, 0x03, 0x03, 0x84, 0x0c, 0x01, 0x08, 0x01, 0x01, 0x08,
  0x57, 0x0c, 0x01, 0x08, 0x08, 0x01, 0x5f, 0x05, 0x01, 0x01, 0x08, 0x01,
  0x4f, 0x41, 0x40, 0x3d, 0x3c, 0x3b, 0x39, 0x34, 0x33, 0x2e, 0x2c, 0x13,
  0x17, 0x13, 0x11, 0x25, 0x15, 0x21, 0x13, 0x14, 0x0e, 0x06, 0x1f, 0x2b,
  0x01, 0x14, 0x0f, 0x01, 0x06, 0x22, 0x26, 0x3d, 0x01, 0x23, 0x15, 0x33,
  0x32, 0x16, 0x14, 0x0f, 0x01, 0x06, 0x22, 0x2f, 0x01, 0x26, 0x34, 0x36,
  0x3b, 0x01, 0x35, 0x23, 0x15, 0x14, 0x06, 0x22, 0x2f, 0x01, 0x26, 0x34,
  0x3f, 0x01, 0x36, 0x32, 0x16, 0x1d, 0x01, 0x33, 0x35, 0x23, 0x22, 0x26,
  0x34, 0x3f, 0x01, 0x36, 0x32, 0x1f, 0x01, 0x16, 0x14, 0x06, 0x2b, 0x01,
  0x15, 0x33, 0x35, 0x34, 0x36, 0x32, 0x1f, 0x01, 0x16, 0x03, 0xe8, 0x0b,
  0x8e, 0x0b, 0x1e, 0x14, 0xd7, 0x48, 0x0e, 0x16, 0x0b, 0x8f, 0x0a, 0x1e,
  0x0a, 0x8f, 0x0b, 0x16, 0x0e, 0x48, 0xd7, 0x14, 0x1e, 0x0a, 0x8f, 0x0b,
  0x0b, 0x8f, 0x0a, 0x1e, 0x14, 0xd7, 0x48, 0x0e, 0x16, 0x0b, 0x8f, 0x0b,
  0x1c, 0x0b, 0x8f, 0x0b, 0x16, 0x0e, 0x48, 0xd7, 0x14, 0x1e, 0x0b, 0x8e,
  0x0b, 0x01, 0x5e, 0x0e, 0x0b, 0x8f, 0x0b, 0x16, 0x0e, 0x48, 0xd7, 0x14,
  0x1e, 0x0a, 0x8f, 0x0b, 0x0b, 0x8f, 0x0a, 0x1e, 0x14, 0xd7, 0x48, 0x0e,
  0x16, 0x0b, 0x8f, 0x0b, 0x1c, 0x0b, 0x8f, 0x0b, 0x16, 0x0e, 0x48, 0xd7,
  0x14, 0x1e, 0x0b, 0x8e, 0x0b, 0x0b, 0x8e, 0x0b, 0x1e, 0x14, 0xd7, 0x48,
  0x0e, 0x16, 0x0b, 0x8f, 0x0a, 0x00, 0x00, 0x00, 0x00, 0x04, 0xff, 0xff,
  0xff, 0x89, 0x03, 0xaa, 0x03, 0x33, 0x00, 0x11, 0x00, 0x22, 0x00, 0x2b,
  0x00, 0x2f, 0x00, 0x43, 0x40, 0x40, 0x00, 0x06, 0x05, 0x07, 0x05, 0x06,
  0x07, 0x80, 0x08, 0x01, 0x07, 0x02, 0x05, 0x07, 0x02, 0x7e, 0x00, 0x00,
  0x00, 0x03, 0x04, 0x00, 0x03, 0x69, 0x00, 0x04, 0x00, 0x05, 0x06, 0x04,
  0x05, 0x69, 0x00, 0x02, 0x01, 0x01, 0x02, 0x59, 0x00, 0x02, 0x02, 0x01,
  0x61, 0x00, 0x01, 0x02, 0x01, 0x51, 0x2c, 0x2c, 0x2c, 0x2f, 0x2c, 0x2f,
  0x13, 0x13, 0x16, 0x17, 0x18, 0x17, 0x24, 0x09, 0x06, 0x1d, 0x2b, 0x11,
  0x34, 0x3e, 0x02, 0x17, 0x32, 0x1e, 0x02, 0x0e, 0x03, 0x22, 0x2e, 0x02,
  0x37, 0x14, 0x1e, 0x02, 0x3e, 0x04, 0x2e, 0x03, 0x0e, 0x02, 0x25, 0x34,
  0x36, 0x32, 0x16, 0x14, 0x06, 0x2e, 0x01, 0x13, 0x11, 0x33, 0x11, 0x4a,
  0x7e, 0xac, 0x61, 0x5f, 0xae, 0x7c, 0x4c, 0x01, 0x4a, 0x7e, 0xac, 0xc0,
  0xae, 0x7c, 0x4c, 0x76, 0x38, 0x5e, 0x82, 0x90, 0x80, 0x60, 0x36, 0x02,
  0x3a, 0x5c, 0x84, 0x8c, 0x86, 0x5a, 0x3c, 0x01, 0x1b, 0x28, 0x3f, 0x26,
  0x26, 0x40, 0x26, 0x04, 0x84, 0x01, 0x5e, 0x5f, 0xae, 0x7c, 0x4c, 0x01,
  0x4a, 0x7e, 0xac, 0xbf, 0xae, 0x7e, 0x4a, 0x4a, 0x7e, 0xae, 0x5f, 0x47,
  0x84, 0x5c, 0x3a, 0x02, 0x36, 0x60, 0x80, 0x92, 0x7e, 0x62, 0x34, 0x04,
  0x3c, 0x5a, 0x86, 0x65, 0x1c, 0x22, 0x22, 0x38, 0x24, 0x01, 0x22, 0xfe,
  0x8b, 0x01, 0x2b, 0xfe, 0xd5, 0x00, 0x00, 0x00, 0x00, 0x02, 0x00, 0x00,
  0xff, 0xf9, 0x03, 0x13, 0x03, 0x0b, 0x00, 0x0f, 0x00, 0x1f, 0x00, 0x2b,
  0x40, 0x28, 0x00, 0x03, 0x04, 0x01, 0x00, 0x01, 0x03, 0x00, 0x67, 0x00,
  0x01, 0x02, 0x02, 0x01, 0x57, 0x00, 0x01, 0x01, 0x02, 0x5f, 0x00, 0x02,
  0x01, 0x02, 0x4f, 0x02, 0x00, 0x1e, 0x1b, 0x16, 0x13, 0x0a, 0x07, 0x00,
  0x0f, 0x02, 0x0f, 0x05, 0x06, 0x16, 0x2b, 0x01, 0x21, 0x22, 0x06, 0x07,
  0x11, 0x14, 0x16, 0x17, 0x21, 0x32, 0x36, 0x35, 0x11, 0x34, 0x26, 0x17,
  0x11, 0x14, 0x06, 0x23, 0x21, 0x22, 0x26, 0x35, 0x11, 0x34, 0x36, 0x37,
  0x21, 0x32, 0x16, 0x02, 0x71, 0xfe, 0x30, 0x25, 0x34, 0x01, 0x36, 0x24,
  0x01, 0xd0, 0x25, 0x34, 0x34, 0x7c, 0x5e, 0x43, 0xfe, 0x30, 0x43, 0x5e,
  0x5e, 0x43, 0x01, 0xd0, 0x42, 0x60, 0x02, 0xc3, 0x34, 0x25, 0xfe, 0x30,
  0x25, 0x34, 0x01, 0x36, 0x24, 0x01, 0xd0, 0x25, 0x34, 0x59, 0xfe, 0x30,
  0x43, 0x5e, 0x5e, 0x43, 0x01, 0xd0, 0x42, 0x5e, 0x01, 0x60, 0x00, 0x00,
  0x00, 0x05, 0xff, 0xff, 0xff, 0xf9, 0x03, 0x59, 0x02, 0xc4, 0x00, 0x08,
  0x00, 0x11, 0x00, 0x21, 0x00, 0x2b, 0x00, 0x41, 0x00, 0x4a, 0x40, 0x47,
  0x13, 0x01, 0x01, 0x04, 0x09, 0x00, 0x02, 0x00, 0x01, 0x1b, 0x01, 0x05,
  0x00, 0x03, 0x4c, 0x00, 0x09, 0x00, 0x07, 0x06, 0x09, 0x07, 0x67, 0x00,
  0x06, 0x00, 0x04, 0x01, 0x06, 0x04, 0x67, 0x03, 0x01, 0x01, 0x02, 0x01,
  0x00, 0x05, 0x01, 0x00, 0x69, 0x00, 0x05, 0x08, 0x08, 0x05, 0x57, 0x00,
  0x05, 0x05, 0x08, 0x5f, 0x00, 0x08, 0x05, 0x08, 0x4f, 0x3d, 0x3a, 0x37,
  0x23, 0x13, 0x26, 0x25, 0x13, 0x14, 0x13, 0x12, 0x0a, 0x06, 0x1f, 0x2b,
  0x25, 0x14, 0x06, 0x22, 0x26, 0x3e, 0x01, 0x1e, 0x01, 0x17, 0x14, 0x06,
  0x22, 0x26, 0x3e, 0x01, 0x1e, 0x01, 0x17, 0x35, 0x34, 0x26, 0x27, 0x21,
  0x22, 0x06, 0x07, 0x15, 0x14, 0x16, 0x17, 0x21, 0x32, 0x36, 0x01, 0x21,
  0x03, 0x2e, 0x01, 0x23, 0x21, 0x22, 0x06, 0x07, 0x01, 0x15, 0x14, 0x06,
  0x23, 0x21, 0x22, 0x26, 0x37, 0x35, 0x34, 0x37, 0x13, 0x3e, 0x01, 0x17,
  0x21, 0x32, 0x16, 0x17, 0x13, 0x16, 0x02, 0x44, 0x1a, 0x24, 0x1c, 0x02,
  0x18, 0x28, 0x16, 0x91, 0x1a, 0x24, 0x1c, 0x02, 0x18, 0x28, 0x16, 0x41,
  0x0c, 0x06, 0xfd, 0x59, 0x07, 0x0a, 0x01, 0x0c, 0x06, 0x02, 0xa7, 0x07,
  0x0a, 0xfd, 0x52, 0x02, 0x93, 0x58, 0x02, 0x0e, 0x07, 0xfe, 0x4b, 0x07,
  0x0e, 0x02, 0x02, 0x9e, 0x34, 0x25, 0xfd, 0x59, 0x24, 0x36, 0x01, 0x09,
  0x6e, 0x09, 0x34, 0x1e, 0x01, 0xb5, 0x1f, 0x32, 0x0a, 0x6e, 0x09, 0xab,
  0x12, 0x1a, 0x1a, 0x24, 0x1c, 0x02, 0x18, 0x14, 0x12, 0x1a, 0x1a, 0x24,
  0x1c, 0x02, 0x18, 0x6d, 0xb3, 0x07, 0x0a, 0x01, 0x0c, 0x06, 0xb3, 0x07,
  0x0a, 0x01, 0x0c, 0x01, 0x12, 0x01, 0x0d, 0x07, 0x0a, 0x0a, 0x07, 0xfe,
  0x9a, 0xb3, 0x25, 0x34, 0x34, 0x25, 0xb3, 0x0e, 0x1c, 0x01, 0x52, 0x1d,
  0x26, 0x01, 0x24, 0x1e, 0xfe, 0xae, 0x1c, 0x00, 0x00, 0x05, 0x00, 0x00,
  0xff, 0x6a, 0x03, 0xe8, 0x03, 0x52, 0x00, 0x1f, 0x00, 0x22, 0x00, 0x25,
  0x00, 0x33, 0x00, 0x3c, 0x00, 0x70, 0x40, 0x6d, 0x23, 0x01, 0x00, 0x06,
  0x1d, 0x01, 0x09, 0x00, 0x27, 0x20, 0x02, 0x07, 0x05, 0x03, 0x4c, 0x00,
  0x03, 0x00, 0x06, 0x00, 0x03, 0x06, 0x67, 0x0c, 0x01, 0x00, 0x00, 0x09,
  0x05, 0x00, 0x09, 0x67, 0x00, 0x05, 0x00, 0x07, 0x04, 0x05, 0x07, 0x67,
  0x00, 0x04, 0x00, 0x0a, 0x08, 0x04, 0x0a, 0x67, 0x00, 0x08, 0x00, 0x02,
  0x0b, 0x08, 0x02, 0x67, 0x0d, 0x01, 0x0b, 0x01, 0x01, 0x0b, 0x57, 0x0d,
  0x01, 0x0b, 0x0b, 0x01, 0x5f, 0x00, 0x01, 0x0b, 0x01, 0x4f, 0x34, 0x34,
  0x01, 0x00, 0x34, 0x3c, 0x34, 0x3c, 0x3b, 0x39, 0x36, 0x35, 0x30, 0x2f,
  0x2e, 0x2c, 0x29, 0x28, 0x25, 0x24, 0x22, 0x21, 0x1a, 0x17, 0x0e, 0x0c,
  0x09, 0x06, 0x00, 0x1f, 0x01, 0x1e, 0x0e, 0x06, 0x16, 0x2b, 0x01, 0x32,
  0x16, 0x17, 0x11, 0x14, 0x06, 0x07, 0x21, 0x22, 0x26, 0x27, 0x35, 0x21,
  0x22, 0x26, 0x27, 0x11, 0x34, 0x36, 0x3f, 0x01, 0x3e, 0x01, 0x3b, 0x01,
  0x32, 0x16, 0x17, 0x15, 0x36, 0x33, 0x0f, 0x01, 0x33, 0x01, 0x07, 0x33,
  0x17, 0x37, 0x35, 0x23, 0x15, 0x14, 0x06, 0x07, 0x23, 0x11, 0x21, 0x35,
  0x34, 0x36, 0x01, 0x11, 0x23, 0x15, 0x14, 0x06, 0x27, 0x23, 0x11, 0x03,
  0xb2, 0x17, 0x1e, 0x01, 0x20, 0x16, 0xfd, 0xe9, 0x17, 0x1e, 0x01, 0xfe,
  0xd1, 0x17, 0x1e, 0x01, 0x16, 0x10, 0xe4, 0x0f, 0x36, 0x16, 0xe8, 0x17,
  0x1e, 0x01, 0x26, 0x21, 0x47, 0xa7, 0xa7, 0xfe, 0x9b, 0xa7, 0xa7, 0x6d,
  0xb0, 0xd6, 0x1e, 0x17, 0xe9, 0x01, 0x1e, 0x16, 0x02, 0x26, 0xd7, 0x1e,
  0x17, 0xe8, 0x02, 0x7c, 0x20, 0x16, 0xfd, 0x5a, 0x17, 0x1e, 0x01, 0x20,
  0x16, 0xa0, 0x20, 0x16, 0x01, 0x77, 0x16, 0x36, 0x0f, 0xe4, 0x10, 0x16,
  0x20, 0x16, 0xb7, 0x17, 0x77, 0xa7, 0x01, 0x7d, 0xa7, 0xc2, 0xb0, 0xe9,
  0xe9, 0x16, 0x1e, 0x01, 0xfe, 0x9b, 0x8f, 0x16, 0x36, 0xfe, 0x4e, 0x02,
  0x83, 0xe8, 0x16, 0x20, 0x01, 0xfe, 0x9a, 0x00, 0x00, 0x04, 0x00, 0x00,
  0xff, 0x6a, 0x03, 0xe8, 0x03, 0x52, 0x00, 0x08, 0x00, 0x18, 0x00, 0x1b,
  0x00, 0x37, 0x00, 0x4e, 0x40, 0x4b, 0x12, 0x0a, 0x02, 0x04, 0x03, 0x32,
  0x01, 0x02, 0x04, 0x1b, 0x01, 0x05, 0x02, 0x03, 0x4c, 0x00, 0x07, 0x01,
  0x00, 0x01, 0x07, 0x00, 0x80, 0x00, 0x08, 0x00, 0x03, 0x04, 0x08, 0x03,
  0x67, 0x00, 0x04, 0x00, 0x02, 0x05, 0x04, 0x02, 0x67, 0x00, 0x05, 0x00,
  0x01, 0x07, 0x05, 0x01, 0x67, 0x00, 0x00, 0x06, 0x06, 0x00, 0x57, 0x00,
  0x00, 0x00, 0x06, 0x5f, 0x00, 0x06, 0x00, 0x06, 0x4f, 0x35, 0x23, 0x35,
  0x13, 0x17, 0x24, 0x13, 0x21, 0x10, 0x09, 0x06, 0x1f, 0x2b, 0x05, 0x21,
  0x11, 0x23, 0x22, 0x26, 0x27, 0x35, 0x23, 0x37, 0x35, 0x34, 0x26, 0x27,
  0x21, 0x22, 0x06, 0x17, 0x15, 0x14, 0x16, 0x37, 0x21, 0x32, 0x36, 0x13,
  0x33, 0x27, 0x05, 0x11, 0x14, 0x06, 0x07, 0x21, 0x22, 0x26, 0x27, 0x35,
  0x21, 0x22, 0x26, 0x27, 0x11, 0x34, 0x36, 0x37, 0x21, 0x32, 0x16, 0x07,
  0x15, 0x16, 0x1f, 0x01, 0x1e, 0x01, 0x01, 0xad, 0x01, 0xf4, 0xe9, 0x16,
  0x1e, 0x01, 0xd6, 0x8e, 0x0a, 0x07, 0xfe, 0x77, 0x07, 0x0c, 0x01, 0x0a,
  0x08, 0x01, 0x89, 0x07, 0x0a, 0x8f, 0xa7, 0xa7, 0x01, 0x1e, 0x20, 0x16,
  0xfd, 0xe9, 0x17, 0x1e, 0x01, 0xfe, 0xd1, 0x17, 0x1e, 0x01, 0x20, 0x16,
  0x02, 0x5f, 0x16, 0x20, 0x01, 0x0c, 0x08, 0xe4, 0x10, 0x16, 0x4f, 0x01,
  0x66, 0x1e, 0x17, 0xe8, 0xa1, 0x24, 0x07, 0x0a, 0x01, 0x0c, 0x06, 0x24,
  0x07, 0x0c, 0x01, 0x0a, 0xfe, 0x91, 0xa7, 0xee, 0xfe, 0x89, 0x17, 0x1e,
  0x01, 0x20, 0x16, 0x59, 0x20, 0x15, 0x02, 0xee, 0x17, 0x1e, 0x01, 0x20,
  0x16, 0xb7, 0x07, 0x08, 0xe4, 0x0f, 0x36, 0x00, 0x00, 0x06, 0x00, 0x00,
  0xff, 0x6a, 0x03, 0x59, 0x03, 0x52, 0x00, 0x13, 0x00, 0x1a, 0x00, 0x23,
  0x00, 0x33, 0x00, 0x43, 0x00, 0x53, 0x00, 0x76, 0x40, 0x73, 0x14, 0x01,
  0x02, 0x04, 0x2c, 0x24, 0x02, 0x07, 0x06, 0x40, 0x38, 0x02, 0x08, 0x09,
  0x50, 0x48, 0x02, 0x0a, 0x0b, 0x04, 0x4c, 0x00, 0x01, 0x00, 0x04, 0x02,
  0x01, 0x04, 0x67, 0x00, 0x02, 0x00, 0x03, 0x06, 0x02, 0x03, 0x67, 0x00,
  0x06, 0x00, 0x07, 0x09, 0x06, 0x07, 0x67, 0x0d, 0x01, 0x09, 0x00, 0x08,
  0x0b, 0x09, 0x08, 0x67, 0x0e, 0x01, 0x0b, 0x00, 0x0a, 0x05, 0x0b, 0x0a,
  0x67, 0x0c, 0x01, 0x05, 0x00, 0x00, 0x05, 0x57, 0x0c, 0x01, 0x05, 0x05,
  0x00, 0x5f, 0x00, 0x00, 0x05, 0x00, 0x4f, 0x44, 0x44, 0x34, 0x34, 0x1b,
  0x1b, 0x44, 0x53, 0x44, 0x52, 0x4c, 0x4a, 0x34, 0x43, 0x34, 0x42, 0x3c,
  0x3a, 0x30, 0x2e, 0x28, 0x26, 0x1b, 0x23, 0x1b, 0x23, 0x13, 0x26, 0x14,
  0x35, 0x36, 0x0f, 0x06, 0x1b, 0x2b, 0x01, 0x1e, 0x01, 0x15, 0x11, 0x14,
  0x06, 0x07, 0x21, 0x22, 0x26, 0x27, 0x11, 0x34, 0x36, 0x37, 0x21, 0x32,
  0x16, 0x17, 0x07, 0x15, 0x33, 0x26, 0x2f, 0x01, 0x26, 0x13, 0x11, 0x23,
  0x22, 0x26, 0x27, 0x35, 0x21, 0x11, 0x13, 0x34, 0x36, 0x33, 0x21, 0x32,
  0x16, 0x1d, 0x01, 0x14, 0x06, 0x23, 0x21, 0x22, 0x26, 0x35, 0x05, 0x32,
  0x16, 0x1d, 0x01, 0x14, 0x06, 0x23, 0x21, 0x22, 0x26, 0x3d, 0x01, 0x34,
  0x36, 0x33, 0x05, 0x32, 0x16, 0x1d, 0x01, 0x14, 0x06, 0x23, 0x21, 0x22,
  0x26, 0x3d, 0x01, 0x34, 0x36, 0x33, 0x03, 0x33, 0x10, 0x16, 0x1e, 0x17,
  0xfd, 0x12, 0x17, 0x1e, 0x01, 0x20, 0x16, 0x01, 0xf4, 0x16, 0x36, 0x0f,
  0x4a, 0xd2, 0x05, 0x07, 0xaf, 0x06, 0xc6, 0xe8, 0x17, 0x1e, 0x01, 0xfe,
  0x53, 0x8f, 0x0a, 0x08, 0x01, 0x89, 0x08, 0x0a, 0x0a, 0x08, 0xfe, 0x77,
  0x08, 0x0a, 0x01, 0x9b, 0x08, 0x0a, 0x0a, 0x08, 0xfe, 0x77, 0x08, 0x0a,
  0x0a, 0x08, 0x01, 0x89, 0x08, 0x0a, 0x0a, 0x08, 0xfe, 0x77, 0x08, 0x0a,
  0x0a, 0x08, 0x02, 0x7e, 0x10, 0x34, 0x18, 0xfd, 0x7e, 0x17, 0x1e, 0x01,
  0x20, 0x16, 0x03, 0x7c, 0x17, 0x1e, 0x01, 0x16, 0x10, 0x26, 0xd2, 0x11,
  0x06, 0xaf, 0x07, 0xfc, 0xb0, 0x02, 0x3c, 0x20, 0x15, 0xe9, 0xfc, 0xa6,
  0x01, 0xe3, 0x07, 0x0a, 0x0a, 0x07, 0x24, 0x08, 0x0a, 0x0a, 0x08, 0x59,
  0x0a, 0x08, 0x24, 0x08, 0x0a, 0x0a, 0x08, 0x24, 0x08, 0x0a, 0x8f, 0x0a,
  0x08, 0x24, 0x08, 0x0a, 0x0a, 0x08, 0x24, 0x08, 0x0a, 0x00, 0x00, 0x00,
  0x00, 0x01, 0x00, 0x00, 0x00, 0x00, 0x01, 0x4c, 0x02, 0x51, 0x00, 0x15,
  0x00, 0x17, 0x40, 0x14, 0x0b, 0x01, 0x00, 0x01, 0x01, 0x4c, 0x00, 0x01,
  0x00, 0x01, 0x85, 0x00, 0x00, 0x00, 0x76, 0x1c, 0x14, 0x02, 0x06, 0x18,
  0x2b, 0x01, 0x14, 0x07, 0x01, 0x06, 0x22, 0x2f, 0x01, 0x26, 0x34, 0x3f,
  0x01, 0x27, 0x26, 0x34, 0x3f, 0x01, 0x36, 0x32, 0x17, 0x01, 0x16, 0x01,
  0x4c, 0x05, 0xfe, 0xfb, 0x05, 0x0e, 0x06, 0x1c, 0x06, 0x06, 0xdb, 0xdb,
  0x06, 0x06, 0x1c, 0x05, 0x10, 0x04, 0x01, 0x05, 0x05, 0x01, 0x3a, 0x07,
  0x05, 0xfe, 0xfb, 0x05, 0x05, 0x1c, 0x06, 0x0e, 0x06, 0xdb, 0xdc, 0x05,
  0x0e, 0x06, 0x1c, 0x06, 0x06, 0xfe, 0xfc, 0x05, 0x00, 0x02, 0x00, 0x00,
  0xff, 0xf9, 0x03, 0xa1, 0x03, 0x0b, 0x00, 0x17, 0x00, 0x2c, 0x00, 0x2c,
  0x40, 0x29, 0x00, 0x04, 0x00, 0x01, 0x05, 0x04, 0x01, 0x67, 0x00, 0x05,
  0x00, 0x00, 0x02, 0x05, 0x00, 0x67, 0x00, 0x02, 0x03, 0x03, 0x02, 0x57,
  0x00, 0x02, 0x02, 0x03, 0x5f, 0x00, 0x03, 0x02, 0x03, 0x4f, 0x23, 0x35,
  0x35, 0x35, 0x35, 0x33, 0x06, 0x06, 0x1c, 0x2b, 0x25, 0x11, 0x34, 0x26,
  0x07, 0x21, 0x22, 0x26, 0x27, 0x35, 0x34, 0x26, 0x07, 0x23, 0x22, 0x06,
  0x15, 0x11, 0x14, 0x16, 0x33, 0x21, 0x32, 0x36, 0x13, 0x11, 0x14, 0x06,
  0x23, 0x21, 0x22, 0x26, 0x35, 0x11, 0x34, 0x36, 0x3b, 0x01, 0x32, 0x16,
  0x1d, 0x01, 0x21, 0x32, 0x16, 0x03, 0x59, 0x1e, 0x17, 0xfe, 0x77, 0x17,
  0x1e, 0x01, 0x1e, 0x17, 0xb3, 0x16, 0x20, 0x20, 0x16, 0x02, 0xa7, 0x16,
  0x20, 0x47, 0x4a, 0x33, 0xfd, 0x59, 0x33, 0x4a, 0x4a, 0x33, 0xb3, 0x33,
  0x4a, 0x01, 0x77, 0x33, 0x4a, 0x76, 0x01, 0x89, 0x16, 0x20, 0x01, 0x20,
  0x16, 0x24, 0x16, 0x20, 0x01, 0x1e, 0x17, 0xfd, 0xe8, 0x16, 0x20, 0x20,
  0x01, 0x9f, 0xfe, 0x77, 0x33, 0x4a, 0x4a, 0x33, 0x02, 0x18, 0x33, 0x4a,
  0x4a, 0x33, 0x12, 0x4a, 0x00, 0x03, 0x00, 0x00, 0xff, 0xf9, 0x04, 0x29,
  0x03, 0x0b, 0x00, 0x11, 0x00, 0x27, 0x00, 0x45, 0x00, 0x4a, 0x40, 0x47,
  0x24, 0x01, 0x01, 0x00, 0x01, 0x4c, 0x00, 0x06, 0x00, 0x04, 0x07, 0x06,
  0x04, 0x67, 0x00, 0x07, 0x00, 0x03, 0x02, 0x07, 0x03, 0x67, 0x08, 0x09,
  0x02, 0x02, 0x00, 0x00, 0x01, 0x02, 0x00, 0x67, 0x00, 0x01, 0x05, 0x05,
  0x01, 0x57, 0x00, 0x01, 0x01, 0x05, 0x5f, 0x00, 0x05, 0x01, 0x05, 0x4f,
  0x13, 0x12, 0x42, 0x40, 0x3d, 0x3b, 0x38, 0x35, 0x30, 0x2d, 0x21, 0x1e,
  0x19, 0x16, 0x12, 0x27, 0x13, 0x27, 0x36, 0x31, 0x0a, 0x06, 0x18, 0x2b,
  0x01, 0x34, 0x23, 0x21, 0x22, 0x06, 0x0f, 0x01, 0x06, 0x15, 0x14, 0x33,
  0x21, 0x32, 0x36, 0x3f, 0x01, 0x36, 0x25, 0x21, 0x35, 0x34, 0x26, 0x07,
  0x21, 0x22, 0x26, 0x27, 0x35, 0x34, 0x26, 0x07, 0x23, 0x22, 0x06, 0x15,
  0x11, 0x37, 0x3e, 0x01, 0x05, 0x14, 0x0f, 0x01, 0x0e, 0x01, 0x23, 0x21,
  0x22, 0x26, 0x35, 0x11, 0x34, 0x36, 0x3b, 0x01, 0x32, 0x16, 0x1d, 0x01,
  0x21, 0x32, 0x16, 0x17, 0x15, 0x33, 0x32, 0x16, 0x17, 0x16, 0x03, 0xe2,
  0x1e, 0xfd, 0xa1, 0x16, 0x34, 0x0d, 0xa4, 0x0b, 0x1e, 0x02, 0x5f, 0x17,
  0x32, 0x0f, 0xa4, 0x0a, 0xfd, 0x83, 0x01, 0xad, 0x20, 0x16, 0xfe, 0xbf,
  0x17, 0x1e, 0x01, 0x1e, 0x17, 0xb3, 0x16, 0x20, 0x8f, 0x19, 0x50, 0x02,
  0xea, 0x19, 0xa5, 0x18, 0x52, 0x25, 0xfd, 0xa1, 0x33, 0x4a, 0x4a, 0x33,
  0xb3, 0x33, 0x4a, 0x01, 0x2f, 0x34, 0x48, 0x01, 0x6b, 0x1e, 0x34, 0x0b,
  0x08, 0x01, 0x4b, 0x13, 0x18, 0x11, 0xcb, 0x0d, 0x09, 0x14, 0x1a, 0x10,
  0xcb, 0x0c, 0x64, 0x5a, 0x16, 0x20, 0x01, 0x20, 0x16, 0x24, 0x16, 0x20,
  0x01, 0x1e, 0x17, 0xfe, 0x24, 0xaf, 0x1e, 0x26, 0x5a, 0x23, 0x20, 0xcb,
  0x1e, 0x26, 0x4a, 0x33, 0x02, 0x18, 0x33, 0x4a, 0x4a, 0x33, 0x12, 0x4a,
  0x33, 0x5a, 0x1a, 0x1b, 0x11, 0x00, 0x00, 0x00, 0x00, 0x0f, 0x00, 0x00,
  0xff, 0xf9, 0x04, 0x30, 0x02, 0x7c, 0x00, 0x0b, 0x00, 0x17, 0x00, 0x23,
  0x00, 0x2f, 0x00, 0x3b, 0x00, 0x47, 0x00, 0x53, 0x00, 0x5f, 0x00, 0x6b,
  0x00, 0x77, 0x00, 0x83, 0x00, 0x8f, 0x00, 0x9f, 0x00, 0xa3, 0x00, 0xb3,
  0x00, 0x8c, 0x40, 0x89, 0x48, 0x01, 0x02, 0x03, 0x01, 0x4c, 0x00, 0x1e,
  0x00, 0x1b, 0x05, 0x1e, 0x1b, 0x67, 0x1a, 0x17, 0x15, 0x0f, 0x0b, 0x05,
  0x05, 0x16, 0x14, 0x0e, 0x0a, 0x04, 0x04, 0x03, 0x05, 0x04, 0x69, 0x19,
  0x11, 0x0d, 0x09, 0x04, 0x03, 0x18, 0x10, 0x0c, 0x08, 0x04, 0x02, 0x01,
  0x03, 0x02, 0x6a, 0x13, 0x07, 0x02, 0x01, 0x12, 0x06, 0x02, 0x00, 0x1c,
  0x01, 0x00, 0x69, 0x1f, 0x01, 0x1c, 0x1d, 0x1d, 0x1c, 0x57, 0x1f, 0x01,
  0x1c, 0x1c, 0x1d, 0x5f, 0x00, 0x1d, 0x1c, 0x1d, 0x4f, 0xa0, 0xa0, 0xb2,
  0xaf, 0xaa, 0xa7, 0xa0, 0xa3, 0xa0, 0xa3, 0xa2, 0xa1, 0x9f, 0x9c, 0x9a,
  0x98, 0x95, 0x92, 0x8f, 0x8c, 0x89, 0x86, 0x83, 0x80, 0x7d, 0x7a, 0x77,
  0x74, 0x71, 0x6e, 0x6b, 0x68, 0x65, 0x62, 0x5f, 0x5c, 0x59, 0x56, 0x52,
  0x50, 0x4d, 0x4a, 0x47, 0x44, 0x41, 0x3e, 0x3b, 0x38, 0x33, 0x33, 0x33,
  0x33, 0x33, 0x33, 0x33, 0x33, 0x32, 0x20, 0x06, 0x1f, 0x2b, 0x37, 0x15,
  0x14, 0x2b, 0x01, 0x22, 0x3d, 0x01, 0x34, 0x3b, 0x01, 0x32, 0x37, 0x15,
  0x14, 0x2b, 0x01, 0x22, 0x3d, 0x01, 0x34, 0x3b, 0x01, 0x32, 0x27, 0x15,
  0x14, 0x2b, 0x01, 0x22, 0x3d, 0x01, 0x34, 0x3b, 0x01, 0x32, 0x01, 0x15,
  0x14, 0x23, 0x21, 0x22, 0x3d, 0x01, 0x34, 0x33, 0x21, 0x32, 0x25, 0x15,
  0x14, 0x2b, 0x01, 0x22, 0x3d, 0x01, 0x34, 0x3b, 0x01, 0x32, 0x27, 0x15,
  0x14, 0x2b, 0x01, 0x22, 0x3d, 0x01, 0x34, 0x3b, 0x01, 0x32, 0x17, 0x15,
  0x14, 0x2b, 0x01, 0x22, 0x3d, 0x01, 0x34, 0x3b, 0x01, 0x32, 0x27, 0x15,
  0x14, 0x2b, 0x01, 0x22, 0x3d, 0x01, 0x34, 0x3b, 0x01, 0x32, 0x17, 0x15,
  0x14, 0x2b, 0x01, 0x22, 0x3d, 0x01, 0x34, 0x3b, 0x01, 0x32, 0x17, 0x15,
  0x14, 0x2b, 0x01, 0x22, 0x3d, 0x01, 0x34, 0x3b, 0x01, 0x32, 0x01, 0x15,
  0x14, 0x2b, 0x01, 0x22, 0x3d, 0x01, 0x34, 0x3b, 0x01, 0x32, 0x17, 0x15,
  0x14, 0x2b, 0x01, 0x22, 0x3d, 0x01, 0x34, 0x3b, 0x01, 0x32, 0x17, 0x15,
  0x14, 0x2b, 0x01, 0x22, 0x3d, 0x01, 0x34, 0x3b, 0x01, 0x35, 0x34, 0x3b,
  0x01, 0x32, 0x13, 0x11, 0x21, 0x11, 0x01, 0x11, 0x14, 0x06, 0x23, 0x21,
  0x22, 0x26, 0x35, 0x11, 0x34, 0x36, 0x33, 0x21, 0x32, 0x16, 0xd6, 0x09,
  0x35, 0x09, 0x09, 0x35, 0x09, 0x48, 0x09, 0x7d, 0x09, 0x09, 0x7d, 0x09,
  0x48, 0x09, 0x35, 0x09, 0x09, 0x35, 0x09, 0x02, 0x3c, 0x09, 0xfe, 0x1e,
  0x09, 0x09, 0x01, 0xe2, 0x09, 0xfe, 0x9b, 0x09, 0x36, 0x09, 0x09, 0x36,
  0x09, 0x48, 0x09, 0x35, 0x09, 0x09, 0x35, 0x09, 0xd6, 0x08, 0x36, 0x09,
  0x09, 0x36, 0x08, 0x47, 0x09, 0x35, 0x09, 0x09, 0x35, 0x09, 0xd6, 0x09,
  0x35, 0x09, 0x09, 0x35, 0x09, 0xd7, 0x09, 0x36, 0x09, 0x09, 0x36, 0x09,
  0xfe, 0xe2, 0x09, 0x36, 0x09, 0x09, 0x36, 0x09, 0x8f, 0x09, 0x36, 0x09,
  0x09, 0x36, 0x09, 0x8f, 0x09, 0x7d, 0x09, 0x09, 0x3e, 0x09, 0x36, 0x09,
  0x47, 0xfc, 0x5f, 0x03, 0xe8, 0x28, 0x1f, 0xfc, 0x5f, 0x1d, 0x2a, 0x2a,
  0x1d, 0x03, 0xa1, 0x1e, 0x2a, 0xc6, 0x35, 0x09, 0x09, 0x35, 0x09, 0x86,
  0x35, 0x09, 0x09, 0x35, 0x09, 0x86, 0x36, 0x09, 0x09, 0x36, 0x09, 0xfe,
  0xd9, 0x35, 0x09, 0x09, 0x35, 0x09, 0x86, 0x35, 0x09, 0x09, 0x35, 0x09,
  0x86, 0x36, 0x09, 0x09, 0x36, 0x09, 0x98, 0x35, 0x09, 0x09, 0x35, 0x09,
  0x86, 0x36, 0x09, 0x09, 0x36, 0x09, 0x98, 0x35, 0x09, 0x09, 0x35, 0x09,
  0x98, 0x35, 0x09, 0x09, 0x35, 0x09, 0x01, 0x15, 0x36, 0x09, 0x09, 0x36,
  0x09, 0x09, 0x36, 0x09, 0x09, 0x36, 0x09, 0x09, 0xc4, 0x09, 0x09, 0x35,
  0x09, 0x86, 0x09, 0xfe, 0x53, 0x01, 0xf4, 0xfe, 0x0c, 0x01, 0xf4, 0xfe,
  0x0c, 0x1d, 0x2a, 0x2a, 0x1d, 0x01, 0xf4, 0x1e, 0x2a, 0x2a, 0x00, 0x00,
  0x00, 0x01, 0xff, 0xff, 0xff, 0xb1, 0x03, 0x48, 0x03, 0x0b, 0x00, 0x23,
  0x00, 0x36, 0x40, 0x33, 0x12, 0x01, 0x03, 0x02, 0x13, 0x01, 0x00, 0x03,
  0x02, 0x4c, 0x00, 0x02, 0x00, 0x03, 0x00, 0x02, 0x03, 0x69, 0x00, 0x00,
  0x00, 0x05, 0x04, 0x00, 0x05, 0x67, 0x00, 0x04, 0x01, 0x01, 0x04, 0x59,
  0x00, 0x04, 0x04, 0x01, 0x61, 0x00, 0x01, 0x04, 0x01, 0x51, 0x15, 0x25,
  0x23, 0x27, 0x25, 0x10, 0x06, 0x06, 0x1c, 0x2b, 0x01, 0x21, 0x16, 0x15,
  0x14, 0x0e, 0x01, 0x23, 0x22, 0x2e, 0x03, 0x3e, 0x02, 0x33, 0x32, 0x17,
  0x07, 0x26, 0x23, 0x22, 0x0e, 0x01, 0x14, 0x1e, 0x01, 0x33, 0x32, 0x3e,
  0x03, 0x37, 0x23, 0x01, 0xad, 0x01, 0x94, 0x07, 0x66, 0xbc, 0x79, 0x58,
  0x9e, 0x74, 0x42, 0x02, 0x46, 0x70, 0xa2, 0x56, 0xa7, 0x78, 0x75, 0x44,
  0x66, 0x48, 0x7a, 0x48, 0x48, 0x7a, 0x48, 0x30, 0x52, 0x34, 0x28, 0x10,
  0x05, 0xf3, 0x01, 0x9b, 0x25, 0x22, 0x79, 0xbe, 0x6c, 0x44, 0x72, 0xa0,
  0xae, 0xa0, 0x72, 0x44, 0x71, 0x70, 0x43, 0x4a, 0x7a, 0x96, 0x7a, 0x4a,
  0x1c, 0x26, 0x36, 0x2c, 0x15, 0x00, 0x00, 0x00, 0x00, 0x04, 0x00, 0x00,
  0xff, 0x6a, 0x03, 0x5b, 0x03, 0x52, 0x00, 0x0e, 0x00, 0x1d, 0x00, 0x2c,
  0x00, 0x3d, 0x00, 0x72, 0x40, 0x6f, 0x39, 0x0c, 0x03, 0x03, 0x07, 0x06,
  0x2a, 0x21, 0x02, 0x01, 0x00, 0x1b, 0x12, 0x02, 0x05, 0x04, 0x03, 0x4c,
  0x0b, 0x01, 0x00, 0x29, 0x01, 0x04, 0x1a, 0x01, 0x02, 0x03, 0x4b, 0x0b,
  0x01, 0x06, 0x07, 0x06, 0x85, 0x00, 0x07, 0x00, 0x07, 0x85, 0x08, 0x01,
  0x00, 0x00, 0x01, 0x04, 0x00, 0x01, 0x69, 0x0a, 0x01, 0x04, 0x00, 0x05,
  0x02, 0x04, 0x05, 0x69, 0x09, 0x01, 0x02, 0x03, 0x03, 0x02, 0x59, 0x09,
  0x01, 0x02, 0x02, 0x03, 0x61, 0x00, 0x03, 0x02, 0x03, 0x51, 0x2e, 0x2d,
  0x1f, 0x1e, 0x10, 0x0f, 0x01, 0x00, 0x36, 0x35, 0x2d, 0x3d, 0x2e, 0x3d,
  0x26, 0x25, 0x1e, 0x2c, 0x1f, 0x2c, 0x17, 0x16, 0x0f, 0x1d, 0x10, 0x1d,
  0x08, 0x07, 0x00, 0x0e, 0x01, 0x0e, 0x0c, 0x06, 0x16, 0x2b, 0x01, 0x32,
  0x36, 0x37, 0x15, 0x14, 0x0e, 0x01, 0x22, 0x2e, 0x01, 0x27, 0x35, 0x1e,
  0x01, 0x13, 0x32, 0x36, 0x37, 0x15, 0x14, 0x0e, 0x01, 0x22, 0x2e, 0x01,
  0x27, 0x35, 0x1e, 0x01, 0x37, 0x32, 0x36, 0x37, 0x15, 0x14, 0x0e, 0x02,
  0x2e, 0x01, 0x27, 0x35, 0x1e, 0x01, 0x13, 0x32, 0x1e, 0x01, 0x07, 0x15,
  0x14, 0x0e, 0x01, 0x22, 0x2e, 0x01, 0x27, 0x35, 0x34, 0x3e, 0x01, 0x01,
  0xad, 0x84, 0xe6, 0x42, 0x72, 0xc8, 0xe4, 0xca, 0x6e, 0x03, 0x42, 0xe6,
  0x85, 0x84, 0xe6, 0x42, 0x72, 0xc8, 0xe4, 0xca, 0x6e, 0x03, 0x42, 0xe6,
  0x85, 0x84, 0xe6, 0x42, 0x72, 0xc8, 0xe4, 0xca, 0x6e, 0x03, 0x42, 0xe6,
  0x85, 0x74, 0xc4, 0x76, 0x02, 0x72, 0xc8, 0xe4, 0xca, 0x6e, 0x03, 0x74,
  0xc4, 0x01, 0xa5, 0x30, 0x2f, 0x5f, 0x26, 0x42, 0x26, 0x26, 0x42, 0x26,
  0x5f, 0x2f, 0x30, 0xfe, 0x54, 0x30, 0x2f, 0x5f, 0x27, 0x42, 0x26, 0x26,
  0x42, 0x27, 0x5f, 0x2f, 0x30, 0xd6, 0x30, 0x2f, 0x5f, 0x26, 0x42, 0x26,
  0x02, 0x2a, 0x3e, 0x28, 0x5f, 0x2f, 0x30, 0x02, 0x83, 0x26, 0x42, 0x27,
  0x47, 0x27, 0x42, 0x26, 0x26, 0x42, 0x27, 0x47, 0x27, 0x42, 0x26, 0x00,
  0x00, 0x05, 0x00, 0x00, 0xff, 0x6a, 0x03, 0x59, 0x03, 0x52, 0x00, 0x13,
  0x00, 0x1a, 0x00, 0x23, 0x00, 0x2a, 0x00, 0x33, 0x00, 0x5f, 0x40, 0x5c,
  0x14, 0x01, 0x02, 0x04, 0x2a, 0x01, 0x07, 0x08, 0x29, 0x28, 0x27, 0x24,
  0x04, 0x06, 0x07, 0x03, 0x4c, 0x00, 0x06, 0x07, 0x05, 0x07, 0x06, 0x05,
  0x80, 0x00, 0x01, 0x00, 0x04, 0x02, 0x01, 0x04, 0x67, 0x00, 0x02, 0x00,
  0x03, 0x08, 0x02, 0x03, 0x67, 0x00, 0x08, 0x0a, 0x01, 0x07, 0x06, 0x08,
  0x07, 0x69, 0x09, 0x01, 0x05, 0x00, 0x00, 0x05, 0x57, 0x09, 0x01, 0x05,
  0x05, 0x00, 0x5f, 0x00, 0x00, 0x05, 0x00, 0x4f, 0x2c, 0x2b, 0x1b, 0x1b,
  0x30, 0x2f, 0x2b, 0x33, 0x2c, 0x33, 0x26, 0x25, 0x1b, 0x23, 0x1b, 0x23,
  0x13, 0x26, 0x14, 0x35, 0x36, 0x0b, 0x06, 0x1b, 0x2b, 0x01, 0x1e, 0x01,
  0x15, 0x11, 0x14, 0x06, 0x07, 0x21, 0x22, 0x26, 0x27, 0x11, 0x34, 0x36,
  0x37, 0x21, 0x32, 0x16, 0x17, 0x07, 0x15, 0x33, 0x26, 0x2f, 0x01, 0x26,
  0x13, 0x11, 0x23, 0x22, 0x26, 0x27, 0x35, 0x21, 0x11, 0x25, 0x15, 0x21,
  0x35, 0x37, 0x17, 0x37, 0x05, 0x22, 0x26, 0x34, 0x36, 0x32, 0x16, 0x14,
  0x06, 0x03, 0x33, 0x10, 0x16, 0x1e, 0x17, 0xfd, 0x12, 0x17, 0x1e, 0x01,
  0x20, 0x16, 0x01, 0xf4, 0x16, 0x36, 0x0f, 0x4a, 0xd2, 0x05, 0x07, 0xaf,
  0x06, 0xc6, 0xe8, 0x17, 0x1e, 0x01, 0xfe, 0x53, 0x02, 0x83, 0xfd, 0xc5,
  0x6b, 0x47, 0xd7, 0xfe, 0xe2, 0x2d, 0x3e, 0x3e, 0x5a, 0x3e, 0x3e, 0x02,
  0x7e, 0x10, 0x34, 0x18, 0xfd, 0x7e, 0x17, 0x1e, 0x01, 0x20, 0x16, 0x03,
  0x7c, 0x17, 0x1e, 0x01, 0x16, 0x10, 0x26, 0xd2, 0x11, 0x06, 0xaf, 0x07,
  0xfc, 0xb0, 0x02, 0x3c, 0x20, 0x15, 0xe9, 0xfc, 0xa6, 0xfa, 0xb2, 0x6b,
  0x6b, 0x47, 0xd6, 0x47, 0x3e, 0x5a, 0x3e, 0x3e, 0x5a, 0x3e, 0x00, 0x00,
  0x00, 0x09, 0x00, 0x00, 0xff, 0x6a, 0x03, 0x59, 0x03, 0x52, 0x00, 0x03,
  0x00, 0x07, 0x00, 0x0b, 0x00, 0x0f, 0x00, 0x23, 0x00, 0x2a, 0x00, 0x37,
  0x00, 0x4a, 0x00, 0x53, 0x01, 0x8b, 0x40, 0x0b, 0x24, 0x01, 0x00, 0x0c,
  0x01, 0x4c, 0x44, 0x01, 0x12, 0x01, 0x4b, 0x4b, 0xb0, 0x09, 0x50, 0x58,
  0x40, 0x60, 0x0d, 0x01, 0x00, 0x0c, 0x02, 0x0c, 0x00, 0x72, 0x00, 0x02,
  0x01, 0x0c, 0x02, 0x70, 0x17, 0x01, 0x05, 0x06, 0x07, 0x06, 0x05, 0x07,
  0x80, 0x11, 0x18, 0x02, 0x07, 0x12, 0x06, 0x07, 0x12, 0x7e, 0x00, 0x09,
  0x0e, 0x01, 0x0c, 0x00, 0x09, 0x0c, 0x67, 0x15, 0x01, 0x01, 0x00, 0x04,
  0x03, 0x01, 0x04, 0x67, 0x0a, 0x16, 0x02, 0x03, 0x0b, 0x01, 0x06, 0x05,
  0x03, 0x06, 0x67, 0x00, 0x12, 0x00, 0x14, 0x13, 0x12, 0x14, 0x69, 0x1a,
  0x01, 0x13, 0x00, 0x10, 0x0f, 0x13, 0x10, 0x69, 0x19, 0x01, 0x0f, 0x08,
  0x08, 0x0f, 0x57, 0x19, 0x01, 0x0f, 0x0f, 0x08, 0x5f, 0x00, 0x08, 0x0f,
  0x08, 0x4f, 0x1b, 0x4b, 0xb0, 0x12, 0x50, 0x58, 0x40, 0x61, 0x0d, 0x01,
  0x00, 0x0c, 0x02, 0x0c, 0x00, 0x72, 0x00, 0x02, 0x01, 0x0c, 0x02, 0x01,
  0x7e, 0x17, 0x01, 0x05, 0x06, 0x07, 0x06, 0x05, 0x07, 0x80, 0x11, 0x18,
  0x02, 0x07, 0x12, 0x06, 0x07, 0x12, 0x7e, 0x00, 0x09, 0x0e, 0x01, 0x0c,
  0x00, 0x09, 0x0c, 0x67, 0x15, 0x01, 0x01, 0x00, 0x04, 0x03, 0x01, 0x04,
  0x67, 0x0a, 0x16, 0x02, 0x03, 0x0b, 0x01, 0x06, 0x05, 0x03, 0x06, 0x67,
  0x00, 0x12, 0x00, 0x14, 0x13, 0x12, 0x14, 0x69, 0x1a, 0x01, 0x13, 0x00,
  0x10, 0x0f, 0x13, 0x10, 0x69, 0x19, 0x01, 0x0f, 0x08, 0x08, 0x0f, 0x57,
  0x19, 0x01, 0x0f, 0x0f, 0x08, 0x5f, 0x00, 0x08, 0x0f, 0x08, 0x4f, 0x1b,
  0x40, 0x62, 0x0d, 0x01, 0x00, 0x0c, 0x02, 0x0c, 0x00, 0x02, 0x80, 0x00,
  0x02, 0x01, 0x0c, 0x02, 0x01, 0x7e, 0x17, 0x01, 0x05, 0x06, 0x07, 0x06,
  0x05, 0x07, 0x80, 0x11, 0x18, 0x02, 0x07, 0x12, 0x06, 0x07, 0x12, 0x7e,
  0x00, 0x09, 0x0e, 0x01, 0x0c, 0x00, 0x09, 0x0c, 0x67, 0x15, 0x01, 0x01,
  0x00, 0x04, 0x03, 0x01, 0x04, 0x67, 0x0a, 0x16, 0x02, 0x03, 0x0b, 0x01,
  0x06, 0x05, 0x03, 0x06, 0x67, 0x00, 0x12, 0x00, 0x14, 0x13, 0x12, 0x14,
  0x69, 0x1a, 0x01, 0x13, 0x00, 0x10, 0x0f, 0x13, 0x10, 0x69, 0x19, 0x01,
  0x0f, 0x08, 0x08, 0x0f, 0x57, 0x19, 0x01, 0x0f, 0x0f, 0x08, 0x5f, 0x00,
  0x08, 0x0f, 0x08, 0x4f, 0x59, 0x59, 0x40, 0x44, 0x4c, 0x4b, 0x2b, 0x2b,
  0x0c, 0x0c, 0x08, 0x08, 0x04, 0x04, 0x00, 0x00, 0x50, 0x4f, 0x4b, 0x53,
  0x4c, 0x53, 0x49, 0x47, 0x46, 0x45, 0x3e, 0x3d, 0x2b, 0x37, 0x2b, 0x37,
  0x36, 0x35, 0x34, 0x33, 0x32, 0x31, 0x2e, 0x2c, 0x26, 0x25, 0x21, 0x1e,
  0x19, 0x16, 0x0c, 0x0f, 0x0c, 0x0f, 0x0e, 0x0d, 0x08, 0x0b, 0x08, 0x0b,
  0x0a, 0x09, 0x04, 0x07, 0x04, 0x07, 0x06, 0x05, 0x00, 0x03, 0x00, 0x03,
  0x11, 0x1b, 0x06, 0x17, 0x2b, 0x01, 0x35, 0x23, 0x15, 0x17, 0x35, 0x23,
  0x1d, 0x01, 0x35, 0x23, 0x15, 0x17, 0x35, 0x23, 0x15, 0x25, 0x1e, 0x01,
  0x15, 0x11, 0x14, 0x06, 0x07, 0x21, 0x22, 0x26, 0x27, 0x11, 0x34, 0x36,
  0x37, 0x21, 0x32, 0x16, 0x17, 0x07, 0x15, 0x33, 0x26, 0x2f, 0x01, 0x26,
  0x13, 0x11, 0x23, 0x22, 0x26, 0x27, 0x35, 0x23, 0x15, 0x23, 0x35, 0x21,
  0x11, 0x01, 0x17, 0x16, 0x15, 0x14, 0x06, 0x2e, 0x01, 0x27, 0x34, 0x37,
  0x36, 0x37, 0x35, 0x33, 0x15, 0x33, 0x32, 0x16, 0x03, 0x32, 0x36, 0x34,
  0x26, 0x22, 0x0e, 0x01, 0x16, 0x01, 0x65, 0x47, 0x8f, 0x48, 0x47, 0x8f,
  0x48, 0x01, 0xce, 0x10, 0x16, 0x1e, 0x17, 0xfd, 0x12, 0x17, 0x1e, 0x01,
  0x20, 0x16, 0x01, 0xf4, 0x16, 0x36, 0x0f, 0x4a, 0xd2, 0x05, 0x07, 0xaf,
  0x06, 0xc6, 0xe8, 0x17, 0x1e, 0x01, 0x47, 0x48, 0xfe, 0xe2, 0x01, 0x6d,
  0x3c, 0x04, 0x50, 0x7e, 0x4e, 0x02, 0x05, 0x0c, 0x37, 0x47, 0x2c, 0x0d,
  0x12, 0x4b, 0x1e, 0x2a, 0x2a, 0x3c, 0x28, 0x02, 0x2c, 0x02, 0x7c, 0x47,
  0x47, 0x48, 0x48, 0x48, 0x47, 0x47, 0x47, 0x48, 0x48, 0x48, 0xd9, 0x10,
  0x34, 0x18, 0xfd, 0x7e, 0x17, 0x1e, 0x01, 0x20, 0x16, 0x03, 0x7c, 0x17,
  0x1e, 0x01, 0x16, 0x10, 0x26, 0xd2, 0x11, 0x06, 0xaf, 0x07, 0xfc, 0xb0,
  0x02, 0x3c, 0x20, 0x15, 0xe9, 0x48, 0x48, 0xfc, 0xa6, 0x01, 0x93, 0xc3,
  0x0f, 0x0e, 0x2e, 0x3e, 0x02, 0x3a, 0x30, 0x0e, 0x0f, 0x23, 0xba, 0x47,
  0x47, 0x0e, 0xfe, 0xf0, 0x16, 0x1c, 0x16, 0x16, 0x1c, 0x16, 0x00, 0x00,
  0x00, 0x06, 0x00, 0x00, 0xff, 0x6a, 0x03, 0x59, 0x03, 0x52, 0x00, 0x13,
  0x00, 0x1a, 0x00, 0x23, 0x00, 0x39, 0x00, 0x4b, 0x00, 0x5c, 0x01, 0x09,
  0x40, 0x0a, 0x14, 0x01, 0x02, 0x04, 0x33, 0x01, 0x06, 0x07, 0x02, 0x4c,
  0x4b, 0xb0, 0x09, 0x50, 0x58, 0x40, 0x41, 0x00, 0x0a, 0x03, 0x07, 0x03,
  0x0a, 0x07, 0x80, 0x0d, 0x01, 0x09, 0x06, 0x08, 0x05, 0x09, 0x72, 0x0c,
  0x01, 0x08, 0x05, 0x05, 0x08, 0x70, 0x00, 0x01, 0x00, 0x04, 0x02, 0x01,
  0x04, 0x67, 0x00, 0x02, 0x00, 0x03, 0x0a, 0x02, 0x03, 0x67, 0x00, 0x07,
  0x00, 0x06, 0x09, 0x07, 0x06, 0x67, 0x0b, 0x01, 0x05, 0x00, 0x00, 0x05,
  0x57, 0x0b, 0x01, 0x05, 0x05, 0x00, 0x60, 0x00, 0x00, 0x05, 0x00, 0x50,
  0x1b, 0x4b, 0xb0, 0x12, 0x50, 0x58, 0x40, 0x42, 0x00, 0x0a, 0x03, 0x07,
  0x03, 0x0a, 0x07, 0x80, 0x0d, 0x01, 0x09, 0x06, 0x08, 0x06, 0x09, 0x08,
  0x80, 0x0c, 0x01, 0x08, 0x05, 0x05, 0x08, 0x70, 0x00, 0x01, 0x00, 0x04,
  0x02, 0x01, 0x04, 0x67, 0x00, 0x02, 0x00, 0x03, 0x0a, 0x02, 0x03, 0x67,
  0x00, 0x07, 0x00, 0x06, 0x09, 0x07, 0x06, 0x67, 0x0b, 0x01, 0x05, 0x00,
  0x00, 0x05, 0x57, 0x0b, 0x01, 0x05, 0x05, 0x00, 0x60, 0x00, 0x00, 0x05,
  0x00, 0x50, 0x1b, 0x40, 0x43, 0x00, 0x0a, 0x03, 0x07, 0x03, 0x0a, 0x07,
  0x80, 0x0d, 0x01, 0x09, 0x06, 0x08, 0x06, 0x09, 0x08, 0x80, 0x0c, 0x01,
  0x08, 0x05, 0x06, 0x08, 0x05, 0x7e, 0x00, 0x01, 0x00, 0x04, 0x02, 0x01,
  0x04, 0x67, 0x00, 0x02, 0x00, 0x03, 0x0a, 0x02, 0x03, 0x67, 0x00, 0x07,
  0x00, 0x06, 0x09, 0x07, 0x06, 0x67, 0x0b, 0x01, 0x05, 0x00, 0x00, 0x05,
  0x57, 0x0b, 0x01, 0x05, 0x05, 0x00, 0x60, 0x00, 0x00, 0x05, 0x00, 0x50,
  0x59, 0x59, 0x40, 0x20, 0x4d, 0x4c, 0x3b, 0x3a, 0x1b, 0x1b, 0x53, 0x52,
  0x4c, 0x5c, 0x4d, 0x5c, 0x3a, 0x4b, 0x3b, 0x4b, 0x37, 0x35, 0x2f, 0x2e,
  0x1b, 0x23, 0x1b, 0x23, 0x13, 0x26, 0x14, 0x35, 0x36, 0x0e, 0x06, 0x1b,
  0x2b, 0x01, 0x1e, 0x01, 0x15, 0x11, 0x14, 0x06, 0x07, 0x21, 0x22, 0x26,
  0x27, 0x11, 0x34, 0x36, 0x37, 0x21, 0x32, 0x16, 0x17, 0x07, 0x15, 0x33,
  0x26, 0x2f, 0x01, 0x26, 0x13, 0x11, 0x23, 0x22, 0x26, 0x27, 0x35, 0x21,
  0x11, 0x01, 0x16, 0x15, 0x11, 0x14, 0x07, 0x06, 0x23, 0x22, 0x2f, 0x01,
  0x23, 0x22, 0x26, 0x3d, 0x01, 0x34, 0x36, 0x3b, 0x01, 0x37, 0x36, 0x13,
  0x32, 0x37, 0x36, 0x34, 0x27, 0x2e, 0x01, 0x0e, 0x01, 0x17, 0x16, 0x14,
  0x07, 0x06, 0x16, 0x17, 0x16, 0x27, 0x32, 0x37, 0x36, 0x34, 0x27, 0x2e,
  0x01, 0x06, 0x14, 0x17, 0x16, 0x14, 0x07, 0x06, 0x14, 0x16, 0x03, 0x33,
  0x10, 0x16, 0x1e, 0x17, 0xfd, 0x12, 0x17, 0x1e, 0x01, 0x20, 0x16, 0x01,
  0xf4, 0x16, 0x36, 0x0f, 0x4a, 0xd2, 0x05, 0x07, 0xaf, 0x06, 0xc6, 0xe8,
  0x17, 0x1e, 0x01, 0xfe, 0x53, 0x01, 0x13, 0x0b, 0x0b, 0x04, 0x03, 0x06,
  0x06, 0x5d, 0x49, 0x08, 0x0a, 0x0a, 0x08, 0x49, 0x5d, 0x08, 0xf4, 0x11,
  0x0b, 0x48, 0x48, 0x09, 0x1e, 0x17, 0x04, 0x0a, 0x38, 0x38, 0x09, 0x02,
  0x0c, 0x0a, 0x69, 0x0f, 0x0b, 0x31, 0x31, 0x0a, 0x1e, 0x16, 0x0a, 0x1d,
  0x1d, 0x0a, 0x17, 0x02, 0x7e, 0x10, 0x34, 0x18, 0xfd, 0x7e, 0x17, 0x1e,
  0x01, 0x20, 0x16, 0x03, 0x7c, 0x17, 0x1e, 0x01, 0x16, 0x10, 0x26, 0xd2,
  0x11, 0x06, 0xaf, 0x07, 0xfc, 0xb0, 0x02, 0x3c, 0x20, 0x15, 0xe9, 0xfc,
  0xa6, 0x01, 0xc7, 0x05, 0x0c, 0xfe, 0xd0, 0x0c, 0x04, 0x01, 0x05, 0x5d,
  0x0a, 0x08, 0x6b, 0x08, 0x0a, 0x5d, 0x08, 0xfe, 0x7b, 0x0e, 0x58, 0xe4,
  0x59, 0x0b, 0x04, 0x13, 0x1e, 0x0b, 0x45, 0xb2, 0x44, 0x0c, 0x1e, 0x08,
  0x09, 0x53, 0x0b, 0x34, 0x8c, 0x34, 0x0b, 0x02, 0x16, 0x1c, 0x0c, 0x20,
  0x52, 0x20, 0x0b, 0x1e, 0x13, 0x00, 0x00, 0x00, 0x00, 0x05, 0x00, 0x00,
  0xff, 0x6a, 0x03, 0x59, 0x03, 0x52, 0x00, 0x13, 0x00, 0x1a, 0x00, 0x23,
  0x00, 0x33, 0x00, 0x43, 0x00, 0x59, 0x40, 0x56, 0x14, 0x01, 0x02, 0x04,
  0x3f, 0x3e, 0x02, 0x07, 0x06, 0x02, 0x4c, 0x08, 0x0a, 0x02, 0x06, 0x03,
  0x07, 0x03, 0x06, 0x07, 0x80, 0x00, 0x07, 0x05, 0x03, 0x07, 0x05, 0x7e,
  0x00, 0x01, 0x00, 0x04, 0x02, 0x01, 0x04, 0x67, 0x00, 0x02, 0x00, 0x03,
  0x06, 0x02, 0x03, 0x67, 0x09, 0x01, 0x05, 0x00, 0x00, 0x05, 0x57, 0x09,
  0x01, 0x05, 0x05, 0x00, 0x5f, 0x00, 0x00, 0x05, 0x00, 0x4f, 0x25, 0x24,
  0x1b, 0x1b, 0x43, 0x41, 0x2d, 0x2a, 0x24, 0x33, 0x25, 0x32, 0x1b, 0x23,
  0x1b, 0x23, 0x13, 0x26, 0x14, 0x35, 0x36, 0x0b, 0x06, 0x1b, 0x2b, 0x01,
  0x1e, 0x01, 0x15, 0x11, 0x14, 0x06, 0x07, 0x21, 0x22, 0x26, 0x27, 0x11,
  0x34, 0x36, 0x37, 0x21, 0x32, 0x16, 0x17, 0x07, 0x15, 0x33, 0x26, 0x2f,
  0x01, 0x26, 0x13, 0x11, 0x23, 0x22, 0x26, 0x27, 0x35, 0x21, 0x11, 0x01,
  0x32, 0x16, 0x1d, 0x01, 0x14, 0x06, 0x07, 0x23, 0x22, 0x26, 0x3d, 0x01,
  0x34, 0x36, 0x33, 0x05, 0x16, 0x15, 0x11, 0x14, 0x07, 0x06, 0x23, 0x22,
  0x2f, 0x01, 0x35, 0x37, 0x36, 0x33, 0x32, 0x03, 0x33, 0x10, 0x16, 0x1e,
  0x17, 0xfd, 0x12, 0x17, 0x1e, 0x01, 0x20, 0x16, 0x01, 0xf4, 0x16, 0x36,
  0x0f, 0x4a, 0xd2, 0x05, 0x07, 0xaf, 0x06, 0xc6, 0xe8, 0x17, 0x1e, 0x01,
  0xfe, 0x53, 0x01, 0x66, 0x1d, 0x2a, 0x2a, 0x1d, 0xd7, 0x1d, 0x2a, 0x2a,
  0x1d, 0x01, 0xe9, 0x0b, 0x0b, 0x04, 0x03, 0x07, 0x05, 0x94, 0x94, 0x05,
  0x07, 0x03, 0x02, 0x7e, 0x10, 0x34, 0x18, 0xfd, 0x7e, 0x17, 0x1e, 0x01,
  0x20, 0x16, 0x03, 0x7c, 0x17, 0x1e, 0x01, 0x16, 0x10, 0x26, 0xd2, 0x11,
  0x06, 0xaf, 0x07, 0xfc, 0xb0, 0x02, 0x3c, 0x20, 0x15, 0xe9, 0xfc, 0xa6,
  0x01, 0xf4, 0x2a, 0x1d, 0xd6, 0x1d, 0x2a, 0x01, 0x2c, 0x1c, 0xd6, 0x1d,
  0x2a, 0x01, 0x04, 0x0c, 0xfe, 0xbe, 0x0c, 0x05, 0x01, 0x05, 0x95, 0x32,
  0x94, 0x05, 0x00, 0x00, 0x00, 0x06, 0x00, 0x00, 0xff, 0x6a, 0x03, 0x59,
  0x03, 0x52, 0x00, 0x13, 0x00, 0x1a, 0x00, 0x23, 0x00, 0x37, 0x00, 0x4b,
  0x00, 0x5b, 0x00, 0x51, 0x40, 0x4e, 0x14, 0x01, 0x02, 0x04, 0x43, 0x2c,
  0x02, 0x07, 0x06, 0x02, 0x4c, 0x00, 0x06, 0x03, 0x07, 0x03, 0x06, 0x07,
  0x80, 0x00, 0x07, 0x05, 0x03, 0x07, 0x05, 0x7e, 0x00, 0x01, 0x00, 0x04,
  0x02, 0x01, 0x04, 0x67, 0x00, 0x02, 0x00, 0x03, 0x06, 0x02, 0x03, 0x67,
  0x08, 0x01, 0x05, 0x00, 0x00, 0x05, 0x57, 0x08, 0x01, 0x05, 0x05, 0x00,
  0x5f, 0x00, 0x00, 0x05, 0x00, 0x4f, 0x1b, 0x1b, 0x33, 0x32, 0x26, 0x25,
  0x1b, 0x23, 0x1b, 0x23, 0x13, 0x26, 0x14, 0x35, 0x36, 0x09, 0x06, 0x1b,
  0x2b, 0x01, 0x1e, 0x01, 0x15, 0x11, 0x14, 0x06, 0x07, 0x21, 0x22, 0x26,
  0x27, 0x11, 0x34, 0x36, 0x37, 0x21, 0x32, 0x16, 0x17, 0x07, 0x15, 0x33,
  0x26, 0x2f, 0x01, 0x26, 0x13, 0x11, 0x23, 0x22, 0x26, 0x27, 0x35, 0x21,
  0x11, 0x13, 0x36, 0x32, 0x1f, 0x01, 0x16, 0x14, 0x0f, 0x01, 0x17, 0x16,
  0x06, 0x0f, 0x01, 0x06, 0x22, 0x2f, 0x01, 0x26, 0x37, 0x21, 0x16, 0x0f,
  0x01, 0x0e, 0x01, 0x2f, 0x01, 0x2e, 0x01, 0x3f, 0x01, 0x27, 0x26, 0x36,
  0x3f, 0x01, 0x36, 0x16, 0x17, 0x03, 0x2e, 0x01, 0x37, 0x13, 0x3e, 0x01,
  0x1f, 0x01, 0x1e, 0x01, 0x07, 0x03, 0x0e, 0x01, 0x27, 0x03, 0x33, 0x10,
  0x16, 0x1e, 0x17, 0xfd, 0x12, 0x17, 0x1e, 0x01, 0x20, 0x16, 0x01, 0xf4,
  0x16, 0x36, 0x0f, 0x4a, 0xd2, 0x05, 0x07, 0xaf, 0x06, 0xc6, 0xe8, 0x17,
  0x1e, 0x01, 0xfe, 0x53, 0xc5, 0x04, 0x10, 0x05, 0x1c, 0x07, 0x03, 0x66,
  0x66, 0x04, 0x02, 0x06, 0x1c, 0x06, 0x0e, 0x05, 0x7e, 0x08, 0x08, 0x02,
  0x3d, 0x08, 0x08, 0x7e, 0x04, 0x0e, 0x07, 0x1c, 0x06, 0x02, 0x04, 0x66,
  0x66, 0x04, 0x02, 0x06, 0x1c, 0x06, 0x10, 0x03, 0xdc, 0x07, 0x08, 0x01,
  0x4d, 0x01, 0x0c, 0x08, 0x23, 0x07, 0x08, 0x01, 0x4d, 0x01, 0x0c, 0x07,
  0x02, 0x7e, 0x10, 0x34, 0x18, 0xfd, 0x7e, 0x17, 0x1e, 0x01, 0x20, 0x16,
  0x03, 0x7c, 0x17, 0x1e, 0x01, 0x16, 0x10, 0x26, 0xd2, 0x11, 0x06, 0xaf,
  0x07, 0xfc, 0xb0, 0x02, 0x3c, 0x20, 0x15, 0xe9, 0xfc, 0xa6, 0x01, 0xf4,
  0x07, 0x03, 0x15, 0x05, 0x0e, 0x06, 0x88, 0x88, 0x06, 0x0e, 0x05, 0x15,
  0x04, 0x07, 0xa8, 0x0b, 0x0b, 0x0b, 0x0b, 0xa8, 0x06, 0x02, 0x05, 0x15,
  0x05, 0x0e, 0x06, 0x88, 0x88, 0x06, 0x0e, 0x05, 0x15, 0x04, 0x02, 0x06,
  0xfe, 0x57, 0x01, 0x0e, 0x06, 0x01, 0xd0, 0x07, 0x08, 0x01, 0x05, 0x02,
  0x0c, 0x07, 0xfe, 0x30, 0x07, 0x08, 0x01, 0x00, 0x00, 0x01, 0x00, 0x00,
  0xff, 0x7c, 0x03, 0xd6, 0x03, 0x3b, 0x00, 0x21, 0x00, 0x20, 0x40, 0x1d,
  0x1e, 0x1d, 0x0e, 0x0d, 0x04, 0x01, 0x4a, 0x00, 0x01, 0x00, 0x00, 0x01,
  0x59, 0x00, 0x01, 0x01, 0x00, 0x61, 0x00, 0x00, 0x01, 0x00, 0x51, 0x16,
  0x15, 0x14, 0x02, 0x06, 0x17, 0x2b, 0x01, 0x14, 0x0e, 0x02, 0x22, 0x2e,
  0x02, 0x27, 0x34, 0x3e, 0x01, 0x37, 0x15, 0x0e, 0x01, 0x15, 0x14, 0x1e,
  0x02, 0x3e, 0x03, 0x37, 0x34, 0x26, 0x27, 0x35, 0x1e, 0x02, 0x03, 0xd6,
  0x4c, 0x82, 0xb0, 0xc8, 0xae, 0x86, 0x48, 0x02, 0x6c, 0xbc, 0x73, 0x7c,
  0xa2, 0x38, 0x62, 0x80, 0x96, 0x80, 0x64, 0x34, 0x02, 0xa2, 0x7c, 0x73,
  0xbc, 0x6c, 0x01, 0x5e, 0x62, 0xb2, 0x82, 0x4c, 0x4c, 0x82, 0xb2, 0x62,
  0x77, 0xce, 0x88, 0x10, 0x7f, 0x19, 0xc4, 0x81, 0x48, 0x86, 0x5c, 0x3e,
  0x06, 0x32, 0x68, 0x7a, 0x4e, 0x80, 0xc6, 0x18, 0x7f, 0x11, 0x86, 0xd0,
  0x00, 0x02, 0x00, 0x00, 0xff, 0xb1, 0x03, 0x59, 0x03, 0x0b, 0x00, 0x31,
  0x00, 0x46, 0x00, 0x5a, 0x40, 0x57, 0x2a, 0x01, 0x03, 0x05, 0x1d, 0x01,
  0x08, 0x03, 0x40, 0x25, 0x02, 0x04, 0x08, 0x3b, 0x33, 0x02, 0x06, 0x07,
  0x04, 0x4c, 0x00, 0x08, 0x03, 0x04, 0x03, 0x08, 0x04, 0x80, 0x00, 0x04,
  0x07, 0x03, 0x04, 0x07, 0x7e, 0x00, 0x01, 0x06, 0x02, 0x06, 0x01, 0x02,
  0x80, 0x00, 0x05, 0x00, 0x03, 0x08, 0x05, 0x03, 0x69, 0x00, 0x07, 0x00,
  0x06, 0x01, 0x07, 0x06, 0x67, 0x00, 0x02, 0x00, 0x00, 0x02, 0x59, 0x00,
  0x02, 0x02, 0x00, 0x61, 0x00, 0x00, 0x02, 0x00, 0x51, 0x23, 0x26, 0x27,
  0x29, 0x35, 0x17, 0x23, 0x17, 0x24, 0x09, 0x06, 0x1f, 0x2b, 0x01, 0x14,
  0x0e, 0x02, 0x23, 0x22, 0x26, 0x27, 0x26, 0x34, 0x3f, 0x01, 0x36, 0x16,
  0x17, 0x1e, 0x01, 0x33, 0x32, 0x3e, 0x03, 0x2e, 0x02, 0x22, 0x06, 0x07,
  0x17, 0x16, 0x06, 0x2b, 0x01, 0x22, 0x26, 0x27, 0x35, 0x34, 0x36, 0x1f,
  0x01, 0x3e, 0x01, 0x33, 0x32, 0x1e, 0x02, 0x25, 0x15, 0x14, 0x06, 0x2b,
  0x01, 0x22, 0x26, 0x3d, 0x01, 0x34, 0x36, 0x3b, 0x01, 0x35, 0x34, 0x36,
  0x3b, 0x01, 0x32, 0x16, 0x03, 0x59, 0x44, 0x72, 0xa0, 0x56, 0x60, 0xae,
  0x3c, 0x04, 0x05, 0x4c, 0x06, 0x11, 0x04, 0x29, 0x76, 0x43, 0x3a, 0x68,
  0x50, 0x2a, 0x02, 0x2e, 0x4c, 0x6c, 0x6f, 0x64, 0x28, 0x4d, 0x11, 0x13,
  0x17, 0xfa, 0x0f, 0x14, 0x01, 0x2c, 0x11, 0x48, 0x3c, 0x9a, 0x52, 0x57,
  0x9e, 0x74, 0x42, 0xfe, 0x9c, 0x0a, 0x08, 0xb2, 0x08, 0x0a, 0x0a, 0x08,
  0x7d, 0x0a, 0x07, 0x24, 0x08, 0x0a, 0x01, 0x5e, 0x57, 0x9e, 0x74, 0x44,
  0x52, 0x49, 0x06, 0x0e, 0x04, 0x4d, 0x05, 0x01, 0x06, 0x35, 0x3a, 0x2e,
  0x4c, 0x6a, 0x74, 0x6a, 0x4c, 0x2e, 0x28, 0x25, 0x4d, 0x10, 0x2d, 0x16,
  0x0e, 0xfa, 0x18, 0x13, 0x12, 0x48, 0x39, 0x3e, 0x44, 0x74, 0x9e, 0x4a,
  0xfa, 0x08, 0x0a, 0x0a, 0x08, 0x23, 0x08, 0x0a, 0xc5, 0x08, 0x0a, 0x0a,
  0x00, 0x01, 0x00, 0x00, 0xff, 0x6a, 0x03, 0xe8, 0x03, 0x52, 0x00, 0x1d,
  0x00, 0x28, 0x40, 0x25, 0x11, 0x01, 0x02, 0x01, 0x1a, 0x19, 0x12, 0x0d,
  0x0c, 0x09, 0x05, 0x04, 0x08, 0x00, 0x02, 0x02, 0x4c, 0x00, 0x01, 0x02,
  0x01, 0x85, 0x00, 0x02, 0x00, 0x02, 0x85, 0x00, 0x00, 0x00, 0x76, 0x17,
  0x19, 0x1a, 0x03, 0x06, 0x19, 0x2b, 0x01, 0x16, 0x14, 0x0f, 0x01, 0x17,
  0x07, 0x0e, 0x01, 0x27, 0x07, 0x23, 0x35, 0x37, 0x26, 0x36, 0x3f, 0x01,
  0x17, 0x37, 0x36, 0x32, 0x1e, 0x01, 0x0f, 0x01, 0x17, 0x37, 0x36, 0x32,
  0x03, 0xd3, 0x15, 0x15, 0xdf, 0x53, 0x59, 0x5b, 0xfc, 0x68, 0xca, 0x65,
  0xca, 0x45, 0x1a, 0x5b, 0x59, 0x54, 0xdf, 0x15, 0x3c, 0x28, 0x02, 0x16,
  0xdf, 0x83, 0xdf, 0x16, 0x3a, 0x02, 0x55, 0x15, 0x3a, 0x16, 0xdf, 0x54,
  0x59, 0x5b, 0x1a, 0x45, 0xca, 0x65, 0xca, 0x67, 0xfe, 0x5a, 0x59, 0x53,
  0xdf, 0x15, 0x2a, 0x3a, 0x16, 0xdf, 0x83, 0xdf, 0x15, 0x00, 0x00, 0x00,
  0x00, 0x04, 0x00, 0x00, 0x00, 0x00, 0x04, 0x5f, 0x03, 0x0b, 0x00, 0x0a,
  0x00, 0x20, 0x00, 0x3a, 0x00, 0x52, 0x00, 0x8b, 0x40, 0x88, 0x47, 0x01,
  0x0b, 0x08, 0x2f, 0x01, 0x04, 0x06, 0x15, 0x01, 0x02, 0x07, 0x03, 0x01,
  0x00, 0x01, 0x04, 0x4c, 0x11, 0x0d, 0x02, 0x0b, 0x08, 0x06, 0x08, 0x0b,
  0x06, 0x80, 0x10, 0x09, 0x02, 0x07, 0x04, 0x02, 0x04, 0x07, 0x02, 0x80,
  0x0f, 0x05, 0x02, 0x03, 0x02, 0x01, 0x02, 0x03, 0x01, 0x80, 0x00, 0x0c,
  0x00, 0x0a, 0x08, 0x0c, 0x0a, 0x69, 0x00, 0x08, 0x00, 0x06, 0x04, 0x08,
  0x06, 0x69, 0x00, 0x04, 0x00, 0x02, 0x03, 0x04, 0x02, 0x69, 0x00, 0x01,
  0x00, 0x00, 0x01, 0x59, 0x00, 0x01, 0x01, 0x00, 0x61, 0x0e, 0x01, 0x00,
  0x01, 0x00, 0x51, 0x3b, 0x3b, 0x21, 0x21, 0x0b, 0x0b, 0x01, 0x00, 0x3b,
  0x52, 0x3b, 0x52, 0x4c, 0x4b, 0x45, 0x43, 0x40, 0x3f, 0x21, 0x3a, 0x21,
  0x3a, 0x34, 0x33, 0x2d, 0x2b, 0x27, 0x25, 0x0b, 0x20, 0x0b, 0x20, 0x1a,
  0x19, 0x13, 0x12, 0x0f, 0x0e, 0x06, 0x05, 0x00, 0x0a, 0x01, 0x0a, 0x12,
  0x06, 0x16, 0x2b, 0x21, 0x22, 0x26, 0x27, 0x34, 0x3e, 0x01, 0x16, 0x07,
  0x14, 0x06, 0x37, 0x22, 0x2e, 0x01, 0x22, 0x06, 0x0f, 0x01, 0x22, 0x26,
  0x35, 0x34, 0x37, 0x3e, 0x02, 0x16, 0x17, 0x16, 0x15, 0x14, 0x06, 0x37,
  0x22, 0x27, 0x2e, 0x01, 0x07, 0x22, 0x0e, 0x03, 0x23, 0x22, 0x26, 0x35,
  0x34, 0x37, 0x3e, 0x01, 0x1e, 0x01, 0x17, 0x16, 0x15, 0x14, 0x06, 0x37,
  0x22, 0x27, 0x2e, 0x02, 0x06, 0x07, 0x06, 0x23, 0x22, 0x26, 0x27, 0x34,
  0x37, 0x36, 0x24, 0x20, 0x04, 0x17, 0x16, 0x15, 0x14, 0x06, 0x02, 0x3b,
  0x0b, 0x50, 0x01, 0x46, 0x2c, 0x48, 0x01, 0x52, 0x8c, 0x01, 0x2a, 0x48,
  0x48, 0x46, 0x16, 0x16, 0x0a, 0x54, 0x05, 0x2c, 0x82, 0x82, 0x84, 0x2b,
  0x05, 0x54, 0x8e, 0x06, 0x06, 0x4c, 0x82, 0x55, 0x2f, 0x60, 0x46, 0x38,
  0x20, 0x02, 0x09, 0x54, 0x06, 0x4a, 0xd0, 0xd8, 0xd2, 0x49, 0x06, 0x54,
  0x8e, 0x06, 0x07, 0x63, 0xd8, 0xfe, 0xd6, 0x64, 0x07, 0x06, 0x09, 0x54,
  0x01, 0x06, 0x68, 0x01, 0x20, 0x01, 0x2c, 0x01, 0x22, 0x67, 0x05, 0x54,
  0x52, 0x0b, 0x12, 0x18, 0x02, 0x1c, 0x10, 0x0b, 0x52, 0x97, 0x1c, 0x1c,
  0x1c, 0x0e, 0x0e, 0x54, 0x0a, 0x07, 0x06, 0x2b, 0x30, 0x02, 0x34, 0x29,
  0x06, 0x07, 0x0a, 0x54, 0x98, 0x05, 0x3a, 0x38, 0x01, 0x18, 0x22, 0x24,
  0x18, 0x54, 0x0a, 0x07, 0x05, 0x4a, 0x52, 0x02, 0x4e, 0x4c, 0x05, 0x07,
  0x0a, 0x54, 0x97, 0x05, 0x58, 0x58, 0x02, 0x5c, 0x56, 0x05, 0x54, 0x0a,
  0x07, 0x06, 0x68, 0x72, 0x72, 0x68, 0x06, 0x07, 0x0a, 0x54, 0x00, 0x00,
  0x00, 0x03, 0xff, 0xff, 0xff, 0xf6, 0x04, 0x77, 0x02, 0xc3, 0x00, 0x10,
  0x00, 0x21, 0x00, 0x36, 0x00, 0x27, 0x40, 0x24, 0x00, 0x05, 0x02, 0x01,
  0x00, 0x01, 0x05, 0x00, 0x69, 0x03, 0x01, 0x01, 0x04, 0x04, 0x01, 0x59,
  0x03, 0x01, 0x01, 0x01, 0x04, 0x5f, 0x00, 0x04, 0x01, 0x04, 0x4f, 0x37,
  0x38, 0x25, 0x28, 0x17, 0x14, 0x06, 0x06, 0x1c, 0x2b, 0x01, 0x34, 0x2e,
  0x02, 0x22, 0x0e, 0x02, 0x14, 0x1e, 0x02, 0x32, 0x3e, 0x02, 0x25, 0x34,
  0x2e, 0x02, 0x2b, 0x01, 0x1e, 0x01, 0x0e, 0x01, 0x07, 0x33, 0x32, 0x3e,
  0x02, 0x37, 0x14, 0x0e, 0x02, 0x27, 0x21, 0x22, 0x2e, 0x03, 0x3e, 0x02,
  0x37, 0x21, 0x32, 0x1e, 0x02, 0x02, 0x83, 0x2e, 0x4c, 0x6a, 0x74, 0x6a,
  0x4c, 0x2e, 0x2e, 0x4c, 0x6a, 0x74, 0x6a, 0x4c, 0x2e, 0x01, 0xac, 0x2c,
  0x4e, 0x68, 0x3b, 0xd8, 0x43, 0x4e, 0x02, 0x4a, 0x45, 0xd8, 0x3a, 0x6a,
  0x4c, 0x2e, 0x47, 0x3a, 0x5e, 0x86, 0x47, 0xfe, 0x53, 0x48, 0x84, 0x60,
  0x38, 0x02, 0x3c, 0x5c, 0x88, 0x46, 0x01, 0xad, 0x48, 0x84, 0x60, 0x38,
  0x01, 0x5e, 0x3a, 0x6a, 0x4c, 0x2e, 0x2e, 0x4c, 0x6a, 0x74, 0x6a, 0x4c,
  0x2e, 0x2e, 0x4c, 0x6a, 0x3a, 0x3a, 0x6a, 0x4c, 0x2e, 0x32, 0x96, 0xac,
  0x96, 0x32, 0x2e, 0x4c, 0x6a, 0x3a, 0x48, 0x86, 0x5c, 0x3e, 0x03, 0x38,
  0x62, 0x80, 0x96, 0x80, 0x64, 0x34, 0x02, 0x38, 0x60, 0x84, 0x00, 0x00,
  0x00, 0x02, 0x00, 0x00, 0xff, 0xf7, 0x04, 0x78, 0x02, 0xc3, 0x00, 0x14,
  0x00, 0x25, 0x00, 0x2a, 0x40, 0x27, 0x00, 0x00, 0x00, 0x03, 0x02, 0x00,
  0x03, 0x69, 0x04, 0x01, 0x02, 0x01, 0x01, 0x02, 0x59, 0x04, 0x01, 0x02,
  0x02, 0x01, 0x5f, 0x00, 0x01, 0x02, 0x01, 0x4f, 0x16, 0x15, 0x1e, 0x1d,
  0x15, 0x25, 0x16, 0x25, 0x37, 0x34, 0x05, 0x06, 0x18, 0x2b, 0x11, 0x34,
  0x3e, 0x02, 0x33, 0x21, 0x32, 0x1e, 0x03, 0x0e, 0x02, 0x27, 0x21, 0x22,
  0x2e, 0x02, 0x05, 0x32, 0x3e, 0x02, 0x2e, 0x03, 0x22, 0x0e, 0x03, 0x1e,
  0x02, 0x3a, 0x5e, 0x86, 0x47, 0x01, 0xad, 0x48, 0x84, 0x60, 0x38, 0x02,
  0x3c, 0x5c, 0x88, 0x46, 0xfe, 0x53, 0x48, 0x84, 0x60, 0x38, 0x03, 0x11,
  0x3a, 0x6a, 0x4c, 0x2e, 0x02, 0x2a, 0x50, 0x66, 0x78, 0x66, 0x50, 0x2a,
  0x04, 0x32, 0x48, 0x6e, 0x01, 0x5e, 0x49, 0x84, 0x60, 0x38, 0x38, 0x60,
  0x84, 0x92, 0x84, 0x5e, 0x3c, 0x02, 0x38, 0x62, 0x80, 0xd3, 0x2e, 0x4c,
  0x6a, 0x74, 0x6a, 0x4c, 0x2e, 0x2e, 0x4c, 0x6a, 0x74, 0x6a, 0x4c, 0x2e,
  0x00, 0x01, 0x00, 0x00, 0xff, 0x67, 0x02, 0x8a, 0x03, 0x52, 0x00, 0x1c,
  0x00, 0x1d, 0x40, 0x1a, 0x0e, 0x01, 0x01, 0x00, 0x01, 0x4c, 0x00, 0x02,
  0x00, 0x02, 0x85, 0x00, 0x00, 0x01, 0x00, 0x85, 0x00, 0x01, 0x01, 0x76,
  0x28, 0x1b, 0x23, 0x03, 0x06, 0x19, 0x2b, 0x01, 0x16, 0x07, 0x06, 0x2b,
  0x01, 0x13, 0x16, 0x06, 0x0f, 0x01, 0x06, 0x26, 0x2f, 0x01, 0x07, 0x06,
  0x23, 0x22, 0x27, 0x26, 0x35, 0x11, 0x34, 0x37, 0x36, 0x33, 0x32, 0x17,
  0x02, 0x78, 0x12, 0x0a, 0x09, 0x18, 0xd5, 0x70, 0x06, 0x0c, 0x0d, 0x63,
  0x0e, 0x1a, 0x06, 0x6b, 0xae, 0x0b, 0x0e, 0x07, 0x07, 0x16, 0x16, 0x07,
  0x07, 0x0f, 0x0a, 0x01, 0x0c, 0x11, 0x15, 0x17, 0xfe, 0xf6, 0x0d, 0x1c,
  0x05, 0x2a, 0x06, 0x0c, 0x0d, 0xfc, 0xae, 0x0b, 0x03, 0x0a, 0x17, 0x03,
  0x47, 0x18, 0x09, 0x03, 0x0b, 0x00, 0x00, 0x00, 0x00, 0x05, 0x00, 0x00,
  0xff, 0x6a, 0x03, 0xa1, 0x03, 0x52, 0x00, 0x30, 0x00, 0x58, 0x00, 0x5c,
  0x00, 0x60, 0x00, 0x64, 0x01, 0x1a, 0x40, 0x16, 0x35, 0x01, 0x0b, 0x0a,
  0x39, 0x01, 0x07, 0x0b, 0x3d, 0x01, 0x05, 0x0c, 0x55, 0x01, 0x04, 0x0e,
  0x04, 0x01, 0x10, 0x0f, 0x05, 0x4c, 0x4b, 0xb0, 0x09, 0x50, 0x58, 0x40,
  0x59, 0x08, 0x06, 0x02, 0x04, 0x0e, 0x01, 0x0e, 0x04, 0x01, 0x80, 0x13,
  0x11, 0x02, 0x0f, 0x01, 0x10, 0x01, 0x0f, 0x10, 0x80, 0x19, 0x14, 0x18,
  0x12, 0x17, 0x05, 0x10, 0x02, 0x02, 0x10, 0x70, 0x16, 0x01, 0x09, 0x15,
  0x01, 0x00, 0x0a, 0x09, 0x00, 0x69, 0x00, 0x0a, 0x00, 0x07, 0x0c, 0x0a,
  0x07, 0x69, 0x00, 0x0b, 0x00, 0x05, 0x03, 0x0b, 0x05, 0x69, 0x00, 0x0c,
  0x00, 0x03, 0x0e, 0x0c, 0x03, 0x69, 0x00, 0x0e, 0x00, 0x01, 0x0f, 0x0e,
  0x01, 0x69, 0x00, 0x02, 0x0d, 0x0d, 0x02, 0x57, 0x00, 0x02, 0x02, 0x0d,
  0x60, 0x00, 0x0d, 0x02, 0x0d, 0x50, 0x1b, 0x40, 0x5a, 0x08, 0x06, 0x02,
  0x04, 0x0e, 0x01, 0x0e, 0x04, 0x01, 0x80, 0x13, 0x11, 0x02, 0x0f, 0x01,
  0x10, 0x01, 0x0f, 0x10, 0x80, 0x19, 0x14, 0x18, 0x12, 0x17, 0x05, 0x10,
  0x02, 0x01, 0x10, 0x02, 0x7e, 0x16, 0x01, 0x09, 0x15, 0x01, 0x00, 0x0a,
  0x09, 0x00, 0x69, 0x00, 0x0a, 0x00, 0x07, 0x0c, 0x0a, 0x07, 0x69, 0x00,
  0x0b, 0x00, 0x05, 0x03, 0x0b, 0x05, 0x69, 0x00, 0x0c, 0x00, 0x03, 0x0e,
  0x0c, 0x03, 0x69, 0x00, 0x0e, 0x00, 0x01, 0x0f, 0x0e, 0x01, 0x69, 0x00,
  0x02, 0x0d, 0x0d, 0x02, 0x57, 0x00, 0x02, 0x02, 0x0d, 0x60, 0x00, 0x0d,
  0x02, 0x0d, 0x50, 0x59, 0x40, 0x41, 0x61, 0x61, 0x5d, 0x5d, 0x59, 0x59,
  0x32, 0x31, 0x01, 0x00, 0x61, 0x64, 0x61, 0x64, 0x63, 0x62, 0x5d, 0x60,
  0x5d, 0x60, 0x5f, 0x5e, 0x59, 0x5c, 0x59, 0x5c, 0x5b, 0x5a, 0x54, 0x52,
  0x4b, 0x48, 0x40, 0x3e, 0x3c, 0x3a, 0x38, 0x36, 0x31, 0x58, 0x32, 0x58,
  0x2d, 0x2c, 0x29, 0x28, 0x25, 0x24, 0x21, 0x20, 0x1d, 0x1c, 0x1a, 0x19,
  0x11, 0x0e, 0x08, 0x06, 0x00, 0x30, 0x01, 0x30, 0x1a, 0x06, 0x16, 0x2b,
  0x01, 0x22, 0x06, 0x15, 0x11, 0x27, 0x26, 0x23, 0x22, 0x06, 0x15, 0x14,
  0x17, 0x13, 0x16, 0x33, 0x21, 0x32, 0x36, 0x3f, 0x01, 0x36, 0x3d, 0x01,
  0x34, 0x26, 0x0e, 0x01, 0x07, 0x23, 0x35, 0x34, 0x2e, 0x01, 0x06, 0x07,
  0x15, 0x23, 0x35, 0x34, 0x26, 0x22, 0x06, 0x1d, 0x01, 0x23, 0x11, 0x34,
  0x26, 0x27, 0x32, 0x16, 0x17, 0x15, 0x36, 0x33, 0x32, 0x17, 0x36, 0x33,
  0x32, 0x17, 0x36, 0x33, 0x32, 0x16, 0x17, 0x15, 0x14, 0x0f, 0x01, 0x0e,
  0x01, 0x07, 0x21, 0x22, 0x26, 0x27, 0x03, 0x26, 0x35, 0x34, 0x36, 0x33,
  0x32, 0x17, 0x11, 0x34, 0x36, 0x13, 0x35, 0x23, 0x15, 0x33, 0x35, 0x23,
  0x15, 0x33, 0x35, 0x23, 0x15, 0x01, 0x65, 0x1d, 0x2a, 0x54, 0x17, 0x25,
  0x1d, 0x2a, 0x0f, 0xd6, 0x15, 0x24, 0x01, 0x91, 0x0c, 0x14, 0x02, 0x34,
  0x0d, 0x1e, 0x2e, 0x1e, 0x01, 0x12, 0x24, 0x34, 0x24, 0x01, 0x12, 0x28,
  0x3d, 0x2a, 0x11, 0x2a, 0x1e, 0x3c, 0x52, 0x01, 0x0c, 0x06, 0x37, 0x29,
  0x1b, 0x1d, 0x3f, 0x27, 0x0f, 0x11, 0x34, 0x48, 0x01, 0x10, 0x33, 0x09,
  0x3a, 0x25, 0xfe, 0x6f, 0x21, 0x3e, 0x13, 0xd6, 0x1d, 0x54, 0x3a, 0x27,
  0x21, 0x54, 0x83, 0x12, 0xa0, 0x11, 0xa0, 0x12, 0x03, 0x0b, 0x2a, 0x1e,
  0xfe, 0x0c, 0x71, 0x1e, 0x2a, 0x1d, 0x18, 0x13, 0xfe, 0xe2, 0x1d, 0x10,
  0x0b, 0xce, 0x35, 0x37, 0x79, 0x17, 0x22, 0x02, 0x1c, 0x18, 0x22, 0x1b,
  0x24, 0x01, 0x24, 0x1b, 0x23, 0x32, 0x1f, 0x2c, 0x2a, 0x1e, 0x35, 0x01,
  0x3e, 0x1f, 0x2c, 0x47, 0x56, 0x3c, 0x7b, 0x01, 0x26, 0x0b, 0x30, 0x04,
  0x4c, 0x34, 0x79, 0x41, 0x3d, 0xcd, 0x24, 0x2c, 0x01, 0x1e, 0x1b, 0x01,
  0x1e, 0x26, 0x30, 0x3a, 0x54, 0x13, 0x01, 0x31, 0x3b, 0x54, 0xfc, 0xee,
  0xd7, 0xd7, 0xd7, 0xd7, 0xd7, 0xd7, 0x00, 0x00, 0x00, 0x01, 0x00, 0x00,
  0xff, 0xf9, 0x05, 0x06, 0x03, 0x0b, 0x00, 0x6c, 0x00, 0x65, 0x40, 0x62,
  0x18, 0x01, 0x01, 0x02, 0x20, 0x01, 0x03, 0x04, 0x02, 0x4c, 0x00, 0x07,
  0x0b, 0x08, 0x0b, 0x07, 0x08, 0x80, 0x00, 0x06, 0x00, 0x02, 0x00, 0x06,
  0x02, 0x80, 0x00, 0x09, 0x00, 0x0c, 0x0b, 0x09, 0x0c, 0x69, 0x00, 0x0a,
  0x00, 0x0b, 0x07, 0x0a, 0x0b, 0x69, 0x0d, 0x01, 0x08, 0x05, 0x01, 0x00,
  0x06, 0x08, 0x00, 0x67, 0x00, 0x02, 0x01, 0x03, 0x02, 0x57, 0x00, 0x01,
  0x00, 0x04, 0x03, 0x01, 0x04, 0x69, 0x00, 0x02, 0x02, 0x03, 0x5f, 0x00,
  0x03, 0x02, 0x03, 0x4f, 0x68, 0x67, 0x5e, 0x5c, 0x5a, 0x58, 0x55, 0x53,
  0x51, 0x50, 0x22, 0x23, 0x22, 0x1d, 0x24, 0x26, 0x23, 0x1b, 0x1a, 0x0e,
  0x06, 0x1f, 0x2b, 0x01, 0x16, 0x14, 0x0f, 0x01, 0x06, 0x22, 0x27, 0x26,
  0x3d, 0x01, 0x21, 0x16, 0x17, 0x16, 0x1f, 0x01, 0x16, 0x1f, 0x01, 0x1e,
  0x01, 0x37, 0x33, 0x35, 0x34, 0x36, 0x3b, 0x01, 0x32, 0x16, 0x1d, 0x01,
  0x14, 0x06, 0x2b, 0x01, 0x22, 0x26, 0x3d, 0x01, 0x23, 0x22, 0x2e, 0x05,
  0x27, 0x26, 0x2f, 0x01, 0x2e, 0x01, 0x27, 0x23, 0x0e, 0x01, 0x23, 0x22,
  0x26, 0x34, 0x36, 0x33, 0x32, 0x16, 0x17, 0x33, 0x32, 0x3e, 0x01, 0x3f,
  0x01, 0x3e, 0x05, 0x17, 0x33, 0x3e, 0x01, 0x33, 0x32, 0x16, 0x14, 0x06,
  0x07, 0x22, 0x26, 0x27, 0x23, 0x22, 0x0e, 0x01, 0x0f, 0x01, 0x0e, 0x01,
  0x07, 0x06, 0x07, 0x21, 0x35, 0x34, 0x36, 0x17, 0x04, 0xfd, 0x09, 0x09,
  0xb3, 0x04, 0x0a, 0x04, 0x09, 0xfe, 0x22, 0x14, 0x1a, 0x09, 0x05, 0x0d,
  0x08, 0x07, 0x0f, 0x08, 0x14, 0x08, 0x36, 0x0a, 0x08, 0xb2, 0x08, 0x0a,
  0x0a, 0x08, 0xb2, 0x08, 0x0a, 0x36, 0x12, 0x20, 0x18, 0x1a, 0x10, 0x16,
  0x0a, 0x0a, 0x0d, 0x08, 0x14, 0x0c, 0x1a, 0x0d, 0xc9, 0x0c, 0x4c, 0x32,
  0x3b, 0x54, 0x54, 0x3b, 0x31, 0x4e, 0x0b, 0x3a, 0x0e, 0x18, 0x1a, 0x07,
  0x24, 0x05, 0x16, 0x10, 0x1a, 0x18, 0x20, 0x12, 0x3c, 0x0c, 0x36, 0x23,
  0x2d, 0x3e, 0x3e, 0x2d, 0x23, 0x36, 0x0c, 0x3c, 0x09, 0x12, 0x12, 0x06,
  0x0f, 0x09, 0x08, 0x0a, 0x1a, 0x14, 0x02, 0x6d, 0x12, 0x09, 0x01, 0x91,
  0x05, 0x14, 0x05, 0x6b, 0x03, 0x02, 0x06, 0x0a, 0x47, 0x20, 0x3c, 0x15,
  0x0a, 0x1b, 0x11, 0x09, 0x13, 0x0a, 0x0a, 0x01, 0x35, 0x08, 0x0a, 0x0a,
  0x08, 0xb2, 0x08, 0x0a, 0x0a, 0x08, 0x35, 0x0c, 0x0e, 0x20, 0x12, 0x2e,
  0x12, 0x19, 0x1e, 0x0f, 0x25, 0x16, 0x10, 0x01, 0x2f, 0x3c, 0x54, 0x76,
  0x54, 0x3e, 0x2e, 0x14, 0x28, 0x10, 0x4f, 0x0b, 0x2a, 0x16, 0x1e, 0x0e,
  0x0e, 0x02, 0x20, 0x28, 0x40, 0x58, 0x3e, 0x01, 0x28, 0x20, 0x0a, 0x12,
  0x0a, 0x1a, 0x10, 0x18, 0x12, 0x3c, 0x21, 0x48, 0x0a, 0x0c, 0x07, 0x00,
  0x00, 0x06, 0x00, 0x00, 0xff, 0x69, 0x02, 0x3b, 0x03, 0x52, 0x00, 0x0d,
  0x00, 0x1f, 0x00, 0x2f, 0x00, 0x33, 0x00, 0x37, 0x00, 0x3b, 0x00, 0x6a,
  0x40, 0x67, 0x2e, 0x27, 0x18, 0x11, 0x0b, 0x08, 0x06, 0x00, 0x06, 0x01,
  0x4c, 0x00, 0x00, 0x06, 0x03, 0x06, 0x00, 0x03, 0x80, 0x00, 0x05, 0x00,
  0x02, 0x0b, 0x05, 0x02, 0x69, 0x0e, 0x01, 0x0b, 0x00, 0x0a, 0x01, 0x0b,
  0x0a, 0x67, 0x0d, 0x09, 0x02, 0x01, 0x00, 0x08, 0x07, 0x01, 0x08, 0x67,
  0x0c, 0x01, 0x07, 0x00, 0x06, 0x00, 0x07, 0x06, 0x67, 0x00, 0x03, 0x04,
  0x04, 0x03, 0x59, 0x00, 0x03, 0x03, 0x04, 0x61, 0x00, 0x04, 0x03, 0x04,
  0x51, 0x38, 0x38, 0x34, 0x34, 0x30, 0x30, 0x38, 0x3b, 0x38, 0x3b, 0x3a,
  0x39, 0x34, 0x37, 0x34, 0x37, 0x36, 0x35, 0x30, 0x33, 0x30, 0x33, 0x16,
  0x17, 0x14, 0x18, 0x1a, 0x16, 0x12, 0x0f, 0x06, 0x1d, 0x2b, 0x25, 0x14,
  0x06, 0x22, 0x26, 0x35, 0x34, 0x36, 0x37, 0x11, 0x33, 0x11, 0x1e, 0x01,
  0x17, 0x34, 0x26, 0x27, 0x11, 0x34, 0x2e, 0x01, 0x06, 0x15, 0x11, 0x0e,
  0x01, 0x15, 0x14, 0x1e, 0x01, 0x36, 0x37, 0x14, 0x06, 0x2e, 0x01, 0x35,
  0x34, 0x37, 0x11, 0x34, 0x36, 0x32, 0x16, 0x15, 0x11, 0x16, 0x37, 0x15,
  0x23, 0x35, 0x37, 0x15, 0x23, 0x35, 0x37, 0x15, 0x23, 0x35, 0x01, 0x65,
  0x3e, 0x5a, 0x3e, 0x26, 0x21, 0x48, 0x20, 0x28, 0x47, 0x26, 0x22, 0x3e,
  0x5a, 0x3e, 0x22, 0x26, 0x6a, 0x92, 0x6a, 0x47, 0x92, 0xd0, 0x92, 0x47,
  0x6a, 0x92, 0x6a, 0x47, 0x47, 0x6b, 0x6b, 0x6b, 0x6b, 0x6b, 0x64, 0x2d,
  0x3e, 0x3e, 0x2d, 0x22, 0x36, 0x0d, 0x01, 0x6b, 0xfe, 0x95, 0x0c, 0x38,
  0x21, 0x2b, 0x4a, 0x1a, 0x01, 0xac, 0x2d, 0x3e, 0x02, 0x42, 0x2b, 0xfe,
  0x54, 0x19, 0x4c, 0x2a, 0x4a, 0x68, 0x02, 0x6c, 0x48, 0x67, 0x94, 0x02,
  0x90, 0x69, 0x66, 0x49, 0x01, 0x8c, 0x4b, 0x68, 0x68, 0x4b, 0xfe, 0x74,
  0x49, 0xdb, 0x47, 0x47, 0x8f, 0x47, 0x47, 0x8f, 0x47, 0x47, 0x00, 0x00,
  0x00, 0x0b, 0x00, 0x00, 0xff, 0xb1, 0x03, 0x59, 0x03, 0x52, 0x00, 0x0f,
  0x00, 0x1f, 0x00, 0x2f, 0x00, 0x3f, 0x00, 0x4f, 0x00, 0x5f, 0x00, 0x6f,
  0x00, 0x7f, 0x00, 0x8f, 0x00, 0x9f, 0x00, 0xaf, 0x01, 0x04, 0x40, 0xff,
  0xac, 0x01, 0x12, 0x13, 0x9c, 0x01, 0x0e, 0x0f, 0x39, 0x01, 0x0d, 0x0e,
  0x8c, 0x2d, 0x02, 0x0a, 0x0b, 0x7c, 0x01, 0x06, 0x07, 0x6c, 0x01, 0x02,
  0x03, 0x06, 0x4c, 0x00, 0x15, 0x13, 0x15, 0x85, 0x00, 0x14, 0x00, 0x14,
  0x86, 0x29, 0x01, 0x12, 0x26, 0x01, 0x11, 0x10, 0x12, 0x11, 0x69, 0x28,
  0x2e, 0x02, 0x13, 0x27, 0x01, 0x10, 0x0f, 0x13, 0x10, 0x69, 0x25, 0x01,
  0x0e, 0x22, 0x01, 0x0d, 0x0c, 0x0e, 0x0d, 0x69, 0x24, 0x2d, 0x02, 0x0f,
  0x23, 0x01, 0x0c, 0x0b, 0x0f, 0x0c, 0x69, 0x21, 0x01, 0x0a, 0x1e, 0x01,
  0x09, 0x08, 0x0a, 0x09, 0x69, 0x20, 0x2c, 0x02, 0x0b, 0x1f, 0x01, 0x08,
  0x07, 0x0b, 0x08, 0x69, 0x1d, 0x01, 0x06, 0x1a, 0x01, 0x05, 0x04, 0x06,
  0x05, 0x69, 0x1c, 0x2b, 0x02, 0x07, 0x1b, 0x01, 0x04, 0x03, 0x07, 0x04,
  0x69, 0x18, 0x2a, 0x02, 0x03, 0x02, 0x00, 0x03, 0x59, 0x19, 0x01, 0x02,
  0x16, 0x01, 0x01, 0x00, 0x02, 0x01, 0x69, 0x18, 0x2a, 0x02, 0x03, 0x03,
  0x00, 0x61, 0x17, 0x01, 0x00, 0x03, 0x00, 0x51, 0x40, 0x40, 0x30, 0x30,
  0x20, 0x20, 0x10, 0x10, 0x00, 0x00, 0xaf, 0xad, 0xaa, 0xa9, 0xa8, 0xa6,
  0xa4, 0xa2, 0x9f, 0x9d, 0x9a, 0x99, 0x98, 0x96, 0x94, 0x92, 0x8f, 0x8d,
  0x8a, 0x89, 0x88, 0x86, 0x84, 0x82, 0x7f, 0x7d, 0x7a, 0x79, 0x78, 0x76,
  0x74, 0x72, 0x6f, 0x6d, 0x6a, 0x69, 0x68, 0x66, 0x64, 0x62, 0x5e, 0x5b,
  0x56, 0x53, 0x40, 0x4f, 0x40, 0x4e, 0x4c, 0x4a, 0x47, 0x45, 0x43, 0x41,
  0x30, 0x3f, 0x30, 0x3e, 0x3c, 0x3b, 0x37, 0x35, 0x33, 0x31, 0x20, 0x2f,
  0x20, 0x2f, 0x2c, 0x2a, 0x27, 0x25, 0x23, 0x21, 0x10, 0x1f, 0x10, 0x1e,
  0x1c, 0x1a, 0x17, 0x15, 0x13, 0x11, 0x00, 0x0f, 0x00, 0x0e, 0x23, 0x22,
  0x21, 0x2f, 0x06, 0xb0, 0x19, 0x2b, 0x37, 0x15, 0x23, 0x22, 0x3d, 0x01,
  0x23, 0x22, 0x3d, 0x01, 0x34, 0x3b, 0x01, 0x35, 0x34, 0x33, 0x37, 0x15,
  0x23, 0x22, 0x3d, 0x01, 0x23, 0x22, 0x3d, 0x01, 0x34, 0x3b, 0x01, 0x35,
  0x34, 0x33, 0x37, 0x15, 0x23, 0x22, 0x3d, 0x01, 0x23, 0x22, 0x3d, 0x01,
  0x34, 0x3b, 0x01, 0x35, 0x34, 0x33, 0x37, 0x15, 0x23, 0x22, 0x3d, 0x01,
  0x23, 0x22, 0x3d, 0x01, 0x34, 0x3b, 0x01, 0x35, 0x34, 0x33, 0x37, 0x15,
  0x23, 0x22, 0x3d, 0x01, 0x23, 0x22, 0x3d, 0x01, 0x34, 0x3b, 0x01, 0x35,
  0x34, 0x33, 0x25, 0x11, 0x14, 0x06, 0x23, 0x21, 0x22, 0x26, 0x27, 0x11,
  0x34, 0x36, 0x37, 0x21, 0x32, 0x16, 0x13, 0x15, 0x14, 0x2b, 0x01, 0x15,
  0x14, 0x2b, 0x01, 0x35, 0x33, 0x32, 0x1d, 0x01, 0x33, 0x32, 0x35, 0x15,
  0x14, 0x2b, 0x01, 0x15, 0x14, 0x2b, 0x01, 0x35, 0x33, 0x32, 0x1d, 0x01,
  0x33, 0x32, 0x35, 0x15, 0x14, 0x2b, 0x01, 0x15, 0x14, 0x2b, 0x01, 0x35,
  0x33, 0x32, 0x1d, 0x01, 0x33, 0x32, 0x35, 0x15, 0x14, 0x2b, 0x01, 0x15,
  0x14, 0x2b, 0x01, 0x35, 0x33, 0x32, 0x1d, 0x01, 0x33, 0x32, 0x35, 0x15,
  0x14, 0x2b, 0x01, 0x15, 0x14, 0x2b, 0x01, 0x35, 0x33, 0x32, 0x1d, 0x01,
  0x33, 0x32, 0x6b, 0x3e, 0x09, 0x1b, 0x09, 0x09, 0x1b, 0x09, 0x3e, 0x3e,
  0x09, 0x1b, 0x09, 0x09, 0x1b, 0x09, 0x3e, 0x3e, 0x09, 0x1b, 0x09, 0x09,
  0x1b, 0x09, 0x3e, 0x3e, 0x09, 0x1b, 0x09, 0x09, 0x1b, 0x09, 0x3e, 0x3e,
  0x09, 0x1b, 0x09, 0x09, 0x1b, 0x09, 0x02, 0x9d, 0x1e, 0x17, 0xfe, 0x2f,
  0x16, 0x1e, 0x01, 0x20, 0x15, 0x01, 0xd1, 0x16, 0x20, 0x8e, 0x09, 0x1b,
  0x08, 0x3f, 0x3f, 0x08, 0x1b, 0x09, 0x09, 0x1b, 0x08, 0x3f, 0x3f, 0x08,
  0x1b, 0x09, 0x09, 0x1b, 0x08, 0x3f, 0x3f, 0x08, 0x1b, 0x09, 0x09, 0x1b,
  0x08, 0x3f, 0x3f, 0x08, 0x1b, 0x09, 0x09, 0x1b, 0x08, 0x3f, 0x3f, 0x08,
  0x1b, 0x09, 0x88, 0x48, 0x09, 0x09, 0x09, 0x12, 0x09, 0x09, 0x09, 0x8f,
  0x48, 0x09, 0x09, 0x09, 0x12, 0x09, 0x09, 0x09, 0x8e, 0x47, 0x09, 0x09,
  0x09, 0x12, 0x09, 0x09, 0x08, 0x8f, 0x47, 0x09, 0x09, 0x09, 0x12, 0x08,
  0x09, 0x09, 0x8f, 0x47, 0x09, 0x09, 0x09, 0x11, 0x09, 0x09, 0x09, 0x59,
  0xfc, 0xcb, 0x16, 0x20, 0x20, 0x16, 0x03, 0x35, 0x17, 0x1e, 0x01, 0x20,
  0xfd, 0x3b, 0x12, 0x09, 0x09, 0x09, 0x48, 0x09, 0x09, 0x86, 0x12, 0x09,
  0x09, 0x09, 0x48, 0x09, 0x09, 0x86, 0x12, 0x09, 0x09, 0x09, 0x47, 0x08,
  0x09, 0x86, 0x12, 0x09, 0x09, 0x09, 0x47, 0x09, 0x09, 0x86, 0x11, 0x09,
  0x09, 0x09, 0x47, 0x09, 0x09, 0x00, 0x00, 0x00, 0x00, 0x01, 0x00, 0x00,
  0x00, 0x01, 0x00, 0x00, 0x9b, 0x5d, 0xa1, 0x56, 0x5f, 0x0f, 0x3c, 0xf5,
  0x00, 0x0f, 0x03, 0xe8, 0x00, 0x00, 0x00, 0x00, 0xe6, 0x86, 0xf7, 0x02,
  0x00, 0x00, 0x00, 0x00, 0xe6, 0x86, 0xf7, 0x03, 0xff, 0xf0, 0xff, 0x67,
  0x05, 0x06, 0x03, 0x52, 0x00, 0x00, 0x00, 0x08, 0x00, 0x02, 0x00, 0x00,
  0x00, 0x00, 0x00, 0x00, 0x00, 0x01, 0x00, 0x00, 0x03, 0x52, 0xff, 0x6a,
  0x00, 0x00, 0x05, 0x05, 0xff, 0xf0, 0xff, 0xfa, 0x05, 0x06, 0x00, 0x01,
  0x00, 0x00, 0x00, 0x00, 0x00, 0x00, 0x00, 0x00, 0x00, 0x00, 0x00, 0x00,
  0x00, 0x00, 0x00, 0x39, 0x03, 0xe8, 0x00, 0x00, 0x03, 0xe8, 0xff, 0xfa,
  0x03, 0x59, 0x00, 0x00, 0x03, 0x11, 0x00, 0x00, 0x02, 0x82, 0x00, 0x00,
  0x03, 0xa0, 0xff, 0xff, 0x03, 0xa0, 0x00, 0x00, 0x03, 0xa0, 0x00, 0x00,
  0x03, 0xa0, 0x00, 0x00, 0x03, 0xa0, 0xff, 0xff, 0x03, 0x59, 0x00, 0x00,
  0x03, 0x59, 0xff, 0xfd, 0x03, 0xa0, 0x00, 0x00, 0x02, 0x82, 0x00, 0x00,
  0x01, 0xac, 0x00, 0x00, 0x03, 0x59, 0x00, 0x00, 0x03, 0xe8, 0x00, 0x00,
  0x03, 0xa0, 0x00, 0x00, 0x03, 0xa0, 0x00, 0x00, 0x03, 0xa0, 0xff, 0xff,
  0x03, 0xe8, 0x00, 0x00, 0x03, 0x98, 0x00, 0x00, 0x03, 0xa0, 0x00, 0x00,
  0x03, 0x59, 0xff, 0xfd, 0x03, 0x59, 0xff, 0xfd, 0x03, 0x59, 0xff, 0xff,
  0x04, 0x2f, 0xff, 0xff, 0x03, 0xe8, 0xff, 0xf0, 0x03, 0xe8, 0x00, 0x00,
  0x03, 0xa9, 0xff, 0xff, 0x03, 0x11, 0x00, 0x00, 0x03, 0x59, 0xff, 0xff,
  0x03, 0xe8, 0x00, 0x00, 0x03, 0xe8, 0x00, 0x00, 0x03, 0x59, 0x00, 0x00,
  0x01, 0x65, 0x00, 0x00, 0x03, 0xa0, 0x00, 0x00, 0x04, 0x2f, 0x00, 0x00,
  0x04, 0x2f, 0x00, 0x00, 0x03, 0x59, 0xff, 0xff, 0x03, 0x59, 0x00, 0x00,
  0x03, 0x59, 0x00, 0x00, 0x03, 0x59, 0x00, 0x00, 0x03, 0x59, 0x00, 0x00,
  0x03, 0x59, 0x00, 0x00, 0x03, 0x59, 0x00, 0x00, 0x03, 0xe8, 0x00, 0x00,
  0x03, 0x59, 0x00, 0x00, 0x03, 0xe8, 0x00, 0x00, 0x04, 0x76, 0x00, 0x00,
  0x04, 0x76, 0xff, 0xff, 0x04, 0x76, 0x00, 0x00, 0x02, 0xca, 0x00, 0x00,
  0x03, 0xe8, 0x00, 0x00, 0x05, 0x05, 0x00, 0x00, 0x02, 0x3b, 0x00, 0x00,
  0x03, 0x59, 0x00, 0x00, 0x00, 0x00, 0x00, 0x00, 0x01, 0x10, 0x01, 0x68,
  0x02, 0x2c, 0x02, 0x74, 0x03, 0x0a, 0x03, 0x96, 0x03, 0xda, 0x04, 0x34,
  0x04, 0xa2, 0x05, 0x32, 0x05, 0x98, 0x06, 0x5c, 0x06, 0xb8, 0x06, 0xea,
  0x07, 0xac, 0x08, 0xa2, 0x08, 0xf4, 0x09, 0x7a, 0x09, 0xca, 0x0a, 0x02,
  0x0a, 0x3e, 0x0a, 0x7a, 0x0a, 0xe2, 0x0b, 0x20, 0x0b, 0x72, 0x0b, 0xca,
  0x0c, 0x30, 0x0c, 0xb8, 0x0d, 0x24, 0x0d, 0x6e, 0x0d, 0xfc, 0x0e, 0x92,
  0x0f, 0x10, 0x0f, 0xc6, 0x0f, 0xfa, 0x10, 0x52, 0x10, 0xde, 0x12, 0x00,
  0x12, 0x52, 0x12, 0xea, 0x13, 0x6e, 0x14, 0xb2, 0x15, 0xc4, 0x16, 0x58,
  0x17, 0x14, 0x17, 0x58, 0x17, 0xe8, 0x18, 0x30, 0x18, 0xf0, 0x19, 0x56,
  0x19, 0xa4, 0x19, 0xe4, 0x1a, 0xfe, 0x1b, 0xc6, 0x1c, 0x56, 0x1d, 0xa3,
  0x00, 0x01, 0x00, 0x00, 0x00, 0x39, 0x00, 0xb4, 0x00, 0x0f, 0x00, 0x00,
  0x00, 0x00, 0x00, 0x02, 0x00, 0x5e, 0x00, 0xa5, 0x00, 0x8d, 0x00, 0x00,
  0x01, 0x14, 0x0e, 0x0c, 0x00, 0x00, 0x00, 0x00, 0x00, 0x00, 0x00, 0x12,
  0x00, 0xde, 0x00, 0x01, 0x00, 0x00, 0x00, 0x00, 0x00, 0x00, 0x00, 0x35,
  0x00, 0x00, 0x00, 0x01, 0x00, 0x00, 0x00, 0x00, 0x00, 0x01, 0x00, 0x05,
  0x00, 0x35, 0x00, 0x01, 0x00, 0x00, 0x00, 0x00, 0x00, 0x02, 0x00, 0x07,
  0x00, 0x3a, 0x00, 0x01, 0x00, 0x00, 0x00, 0x00, 0x00, 0x03, 0x00, 0x05,
  0x00, 0x41, 0x00, 0x01, 0x00, 0x00, 0x00, 0x00, 0x00, 0x04, 0x00, 0x05,
  0x00, 0x46, 0x00, 0x01, 0x00, 0x00, 0x00, 0x00, 0x00, 0x05, 0x00, 0x0b,
  0x00, 0x4b, 0x00, 0x01, 0x00, 0x00, 0x00, 0x00, 0x00, 0x06, 0x00, 0x05,
  0x00, 0x56, 0x00, 0x01, 0x00, 0x00, 0x00, 0x00, 0x00, 0x0a, 0x00, 0x2b,
  0x00, 0x5b, 0x00, 0x01, 0x00, 0x00, 0x00, 0x00, 0x00, 0x0b, 0x00, 0x13,
  0x00, 0x86, 0x00, 0x03, 0x00, 0x01, 0x04, 0x09, 0x00, 0x00, 0x00, 0x6a,
  0x00, 0x99, 0x00, 0x03, 0x00, 0x01, 0x04, 0x09, 0x00, 0x01, 0x00, 0x0a,
  0x01, 0x03, 0x00, 0x03, 0x00, 0x01, 0x04, 0x09, 0x00, 0x02, 0x00, 0x0e,
  0x01, 0x0d, 0x00, 0x03, 0x00, 0x01, 0x04, 0x09, 0x00, 0x03, 0x00, 0x0a,
  0x01, 0x1b, 0x00, 0x03, 0x00, 0x01, 0x04, 0x09, 0x00, 0x04, 0x00, 0x0a,
  0x01, 0x25, 0x00, 0x03, 0x00, 0x01, 0x04, 0x09, 0x00, 0x05, 0x00, 0x16,
  0x01, 0x2f, 0x00, 0x03, 0x00, 0x01, 0x04, 0x09, 0x00, 0x06, 0x00, 0x0a,
  0x01, 0x45, 0x00, 0x03, 0x00, 0x01, 0x04, 0x09, 0x00, 0x0a, 0x00, 0x56,
  0x01, 0x4f, 0x00, 0x03, 0x00, 0x01, 0x04, 0x09, 0x00, 0x0b, 0x00, 0x26,
  0x01, 0xa5, 0x43, 0x6f, 0x70, 0x79, 0x72, 0x69, 0x67, 0x68, 0x74, 0x20,
  0x28, 0x43, 0x29, 0x20, 0x32, 0x30, 0x32, 0x36, 0x20, 0x62, 0x79, 0x20,
  0x6f, 0x72, 0x69, 0x67, 0x69, 0x6e, 0x61, 0x6c, 0x20, 0x61, 0x75, 0x74,
  0x68, 0x6f, 0x72, 0x73, 0x20, 0x40, 0x20, 0x66, 0x6f, 0x6e, 0x74, 0x65,
  0x6c, 0x6c, 0x6f, 0x2e, 0x63, 0x6f, 0x6d, 0x69, 0x63, 0x6f, 0x6e, 0x73,
  0x52, 0x65, 0x67, 0x75, 0x6c, 0x61, 0x72, 0x69, 0x63, 0x6f, 0x6e, 0x73,
  0x69, 0x63, 0x6f, 0x6e, 0x73, 0x56, 0x65, 0x72, 0x73, 0x69, 0x6f, 0x6e,
  0x20, 0x31, 0x2e, 0x30, 0x69, 0x63, 0x6f, 0x6e, 0x73, 0x47, 0x65, 0x6e,
  0x65, 0x72, 0x61, 0x74, 0x65, 0x64, 0x20, 0x62, 0x79, 0x20, 0x73, 0x76,
  0x67, 0x32, 0x74, 0x74, 0x66, 0x20, 0x66, 0x72, 0x6f, 0x6d, 0x20, 0x46,
  0x6f, 0x6e, 0x74, 0x65, 0x6c, 0x6c, 0x6f, 0x20, 0x70, 0x72, 0x6f, 0x6a,
  0x65, 0x63, 0x74, 0x2e, 0x68, 0x74, 0x74, 0x70, 0x3a, 0x2f, 0x2f, 0x66,
  0x6f, 0x6e, 0x74, 0x65, 0x6c, 0x6c, 0x6f, 0x2e, 0x63, 0x6f, 0x6d, 0x00,
  0x43, 0x00, 0x6f, 0x00, 0x70, 0x00, 0x79, 0x00, 0x72, 0x00, 0x69, 0x00,
  0x67, 0x00, 0x68, 0x00, 0x74, 0x00, 0x20, 0x00, 0x28, 0x00, 0x43, 0x00,
  0x29, 0x00, 0x20, 0x00, 0x32, 0x00, 0x30, 0x00, 0x32, 0x00, 0x36, 0x00,
  0x20, 0x00, 0x62, 0x00, 0x79, 0x00, 0x20, 0x00, 0x6f, 0x00, 0x72, 0x00,
  0x69, 0x00, 0x67, 0x00, 0x69, 0x00, 0x6e, 0x00, 0x61, 0x00, 0x6c, 0x00,
  0x20, 0x00, 0x61, 0x00, 0x75, 0x00, 0x74, 0x00, 0x68, 0x00, 0x6f, 0x00,
  0x72, 0x00, 0x73, 0x00, 0x20, 0x00, 0x40, 0x00, 0x20, 0x00, 0x66, 0x00,
  0x6f, 0x00, 0x6e, 0x00, 0x74, 0x00, 0x65, 0x00, 0x6c, 0x00, 0x6c, 0x00,
  0x6f, 0x00, 0x2e, 0x00, 0x63, 0x00, 0x6f, 0x00, 0x6d, 0x00, 0x69, 0x00,
  0x63, 0x00, 0x6f, 0x00, 0x6e, 0x00, 0x73, 0x00, 0x52, 0x00, 0x65, 0x00,
  0x67, 0x00, 0x75, 0x00, 0x6c, 0x00, 0x61, 0x00, 0x72, 0x00, 0x69, 0x00,
  0x63, 0x00, 0x6f, 0x00, 0x6e, 0x00, 0x73, 0x00, 0x69, 0x00, 0x63, 0x00,
  0x6f, 0x00, 0x6e, 0x00, 0x73, 0x00, 0x56, 0x00, 0x65, 0x00, 0x72, 0x00,
  0x73, 0x00, 0x69, 0x00, 0x6f, 0x00, 0x6e, 0x00, 0x20, 0x00, 0x31, 0x00,
  0x2e, 0x00, 0x30, 0x00, 0x69, 0x00, 0x63, 0x00, 0x6f, 0x00, 0x6e, 0x00,
  0x73, 0x00, 0x47, 0x00, 0x65, 0x00, 0x6e, 0x00, 0x65, 0x00, 0x72, 0x00,
  0x61, 0x00, 0x74, 0x00, 0x65, 0x00, 0x64, 0x00, 0x20, 0x00, 0x62, 0x00,
  0x79, 0x00, 0x20, 0x00, 0x73, 0x00, 0x76, 0x00, 0x67, 0x00, 0x32, 0x00,
  0x74, 0x00, 0x74, 0x00, 0x66, 0x00, 0x20, 0x00, 0x66, 0x00, 0x72, 0x00,
  0x6f, 0x00, 0x6d, 0x00, 0x20, 0x00, 0x46, 0x00, 0x6f, 0x00, 0x6e, 0x00,
  0x74, 0x00, 0x65, 0x00, 0x6c, 0x00, 0x6c, 0x00, 0x6f, 0x00, 0x20, 0x00,
  0x70, 0x00, 0x72, 0x00, 0x6f, 0x00, 0x6a, 0x00, 0x65, 0x00, 0x63, 0x00,
  0x74, 0x00, 0x2e, 0x00, 0x68, 0x00, 0x74, 0x00, 0x74, 0x00, 0x70, 0x00,
  0x3a, 0x00, 0x2f, 0x00, 0x2f, 0x00, 0x66, 0x00, 0x6f, 0x00, 0x6e, 0x00,
  0x74, 0x00, 0x65, 0x00, 0x6c, 0x00, 0x6c, 0x00, 0x6f, 0x00, 0x2e, 0x00,
  0x63, 0x00, 0x6f, 0x00, 0x6d, 0x00, 0x00, 0x00, 0x00, 0x02, 0x00, 0x00,
  0x00, 0x00, 0x00, 0x00, 0x00, 0x0a, 0x00, 0x00, 0x00, 0x00, 0x00, 0x00,
  0x00, 0x00, 0x00, 0x00, 0x00, 0x00, 0x00, 0x00, 0x00, 0x00, 0x00, 0x00,
  0x00, 0x00, 0x00, 0x00, 0x00, 0x39, 0x01, 0x02, 0x01, 0x03, 0x01, 0x04,
  0x01, 0x05, 0x01, 0x06, 0x01, 0x07, 0x01, 0x08, 0x01, 0x09, 0x01, 0x0a,
  0x01, 0x0b, 0x01, 0x0c, 0x01, 0x0d, 0x01, 0x0e, 0x01, 0x0f, 0x01, 0x10,
  0x01, 0x11, 0x01, 0x12, 0x01, 0x13, 0x01, 0x14, 0x01, 0x15, 0x01, 0x16,
  0x01, 0x17, 0x01, 0x18, 0x01, 0x19, 0x01, 0x1a, 0x01, 0x1b, 0x01, 0x1c,
  0x01, 0x1d, 0x01, 0x1e, 0x01, 0x1f, 0x01, 0x20, 0x01, 0x21, 0x01, 0x22,
  0x01, 0x23, 0x01, 0x24, 0x01, 0x25, 0x01, 0x26, 0x01, 0x27, 0x01, 0x28,
  0x01, 0x29, 0x01, 0x2a, 0x01, 0x2b, 0x01, 0x2c, 0x01, 0x2d, 0x01, 0x2e,
  0x01, 0x2f, 0x01, 0x30, 0x01, 0x31, 0x01, 0x32, 0x01, 0x33, 0x01, 0x34,
  0x01, 0x35, 0x01, 0x36, 0x01, 0x37, 0x01, 0x38, 0x01, 0x39, 0x01, 0x3a,
  0x00, 0x08, 0x73, 0x63, 0x69, 0x73, 0x73, 0x6f, 0x72, 0x73, 0x03, 0x64,
  0x6f, 0x63, 0x0b, 0x74, 0x72, 0x61, 0x73, 0x68, 0x2d, 0x65, 0x6d, 0x70,
  0x74, 0x79, 0x04, 0x6c, 0x6f, 0x63, 0x6b, 0x07, 0x7a, 0x6f, 0x6f, 0x6d,
  0x2d, 0x69, 0x6e, 0x05, 0x63, 0x68, 0x65, 0x63, 0x6b, 0x04, 0x73, 0x74,
  0x61, 0x72, 0x0a, 0x73, 0x74, 0x61, 0x72, 0x2d, 0x65, 0x6d, 0x70, 0x74,
  0x79, 0x08, 0x7a, 0x6f, 0x6f, 0x6d, 0x2d, 0x6f, 0x75, 0x74, 0x06, 0x66,
  0x6c, 0x6f, 0x70, 0x70, 0x79, 0x05, 0x63, 0x6c, 0x6f, 0x63, 0x6b, 0x09,
  0x76, 0x6f, 0x6c, 0x75, 0x6d, 0x65, 0x2d, 0x75, 0x70, 0x0b, 0x76, 0x6f,
  0x6c, 0x75, 0x6d, 0x65, 0x2d, 0x64, 0x6f, 0x77, 0x6e, 0x0a, 0x76, 0x6f,
  0x6c, 0x75, 0x6d, 0x65, 0x2d, 0x6f, 0x66, 0x66, 0x03, 0x63, 0x6f, 0x67,
  0x04, 0x65, 0x64, 0x69, 0x74, 0x09, 0x6c, 0x6f, 0x63, 0x6b, 0x2d, 0x6f,
  0x70, 0x65, 0x6e, 0x08, 0x64, 0x6f, 0x77, 0x6e, 0x6c, 0x6f, 0x61, 0x64,
  0x06, 0x73, 0x65, 0x61, 0x72, 0x63, 0x68, 0x02, 0x6f, 0x6b, 0x02, 0x63,
  0x64, 0x03, 0x62, 0x6f, 0x78, 0x0c, 0x70, 0x6c, 0x75, 0x73, 0x2d, 0x63,
  0x69, 0x72, 0x63, 0x6c, 0x65, 0x64, 0x0d, 0x6d, 0x69, 0x6e, 0x75, 0x73,
  0x2d, 0x63, 0x69, 0x72, 0x63, 0x6c, 0x65, 0x64, 0x05, 0x62, 0x6c, 0x6f,
  0x63, 0x6b, 0x0b, 0x66, 0x6f, 0x6c, 0x64, 0x65, 0x72, 0x2d, 0x6f, 0x70,
  0x65, 0x6e, 0x05, 0x73, 0x70, 0x69, 0x6e, 0x36, 0x04, 0x6d, 0x6f, 0x76,
  0x65, 0x10, 0x69, 0x6e, 0x66, 0x6f, 0x2d, 0x63, 0x69, 0x72, 0x63, 0x6c,
  0x65, 0x64, 0x2d, 0x61, 0x6c, 0x74, 0x0b, 0x63, 0x68, 0x65, 0x63, 0x6b,
  0x2d, 0x65, 0x6d, 0x70, 0x74, 0x79, 0x03, 0x68, 0x64, 0x64, 0x04, 0x64,
  0x6f, 0x63, 0x73, 0x05, 0x70, 0x61, 0x73, 0x74, 0x65, 0x08, 0x64, 0x6f,
  0x63, 0x2d, 0x74, 0x65, 0x78, 0x74, 0x0b, 0x61, 0x6e, 0x67, 0x6c, 0x65,
  0x2d, 0x72, 0x69, 0x67, 0x68, 0x74, 0x0c, 0x66, 0x6f, 0x6c, 0x64, 0x65,
  0x72, 0x2d, 0x65, 0x6d, 0x70, 0x74, 0x79, 0x11, 0x66, 0x6f, 0x6c, 0x64,
  0x65, 0x72, 0x2d, 0x6f, 0x70, 0x65, 0x6e, 0x2d, 0x65, 0x6d, 0x70, 0x74,
  0x79, 0x08, 0x6b, 0x65, 0x79, 0x62, 0x6f, 0x61, 0x72, 0x64, 0x06, 0x67,
  0x6f, 0x6f, 0x67, 0x6c, 0x65, 0x08, 0x64, 0x61, 0x74, 0x61, 0x62, 0x61,
  0x73, 0x65, 0x0a, 0x66, 0x69, 0x6c, 0x65, 0x2d, 0x69, 0x6d, 0x61, 0x67,
  0x65, 0x0c, 0x66, 0x69, 0x6c, 0x65, 0x2d, 0x61, 0x72, 0x63, 0x68, 0x69,
  0x76, 0x65, 0x0a, 0x66, 0x69, 0x6c, 0x65, 0x2d, 0x61, 0x75, 0x64, 0x69,
  0x6f, 0x0a, 0x66, 0x69, 0x6c, 0x65, 0x2d, 0x76, 0x69, 0x64, 0x65, 0x6f,
  0x09, 0x66, 0x69, 0x6c, 0x65, 0x2d, 0x63, 0x6f, 0x64, 0x65, 0x0c, 0x63,
  0x69, 0x72, 0x63, 0x6c, 0x65, 0x2d, 0x6e, 0x6f, 0x74, 0x63, 0x68, 0x07,
  0x68, 0x69, 0x73, 0x74, 0x6f, 0x72, 0x79, 0x04, 0x70, 0x6c, 0x75, 0x67,
  0x04, 0x77, 0x69, 0x66, 0x69, 0x0a, 0x74, 0x6f, 0x67, 0x67, 0x6c, 0x65,
  0x2d, 0x6f, 0x66, 0x66, 0x09, 0x74, 0x6f, 0x67, 0x67, 0x6c, 0x65, 0x2d,
  0x6f, 0x6e, 0x0d, 0x6d, 0x6f, 0x75, 0x73, 0x65, 0x2d, 0x70, 0x6f, 0x69,
  0x6e, 0x74, 0x65, 0x72, 0x0e, 0x68, 0x61, 0x6e, 0x64, 0x2d, 0x70, 0x6f,
  0x69, 0x6e, 0x74, 0x65, 0x72, 0x2d, 0x6f, 0x03, 0x75, 0x73, 0x62, 0x0d,
  0x74, 0x68, 0x65, 0x72, 0x6d, 0x6f, 0x6d, 0x65, 0x74, 0x65, 0x72, 0x2d,
  0x33, 0x09, 0x6d, 0x69, 0x63, 0x72, 0x6f, 0x63, 0x68, 0x69, 0x70, 0x00,
  0x00, 0x00, 0x00, 0x00, 0x00, 0x01, 0x00, 0x01, 0xff, 0xff, 0x00, 0x0f,
  0x00, 0x00, 0x00, 0x00, 0x00, 0x00, 0x00, 0x00, 0x00, 0x00, 0x00, 0x00,
  0x00, 0x00, 0x00, 0x00, 0xb0, 0x00, 0x2c, 0x20, 0xb0, 0x00, 0x55, 0x58,
  0x45, 0x59, 0x20, 0x20, 0x4b, 0xb8, 0x00, 0x0e, 0x51, 0x4b, 0xb0, 0x06,
  0x53, 0x5a, 0x58, 0xb0, 0x34, 0x1b, 0xb0, 0x28, 0x59, 0x60, 0x66, 0x20,
  0x8a, 0x55, 0x58, 0xb0, 0x02, 0x25, 0x61, 0xb9, 0x08, 0x00, 0x08, 0x00,
  0x63, 0x63, 0x23, 0x62, 0x1b, 0x21, 0x21, 0xb0, 0x00, 0x59, 0xb0, 0x00,
  0x43, 0x23, 0x44, 0xb2, 0x00, 0x01, 0x00, 0x43, 0x60, 0x42, 0x2d, 0xb0,
  0x01, 0x2c, 0xb0, 0x20, 0x60, 0x66, 0x2d, 0xb0, 0x02, 0x2c, 0x23, 0x21,
  0x23, 0x21, 0x2d, 0xb0, 0x03, 0x2c, 0x20, 0x64, 0xb3, 0x03, 0x14, 0x15,
  0x00, 0x42, 0x43, 0xb0, 0x13, 0x43, 0x20, 0x60, 0x60, 0x42, 0xb1, 0x02,
  0x14, 0x43, 0x42, 0xb1, 0x25, 0x03, 0x43, 0xb0, 0x02, 0x43, 0x54, 0x78,
  0x20, 0xb0, 0x0c, 0x23, 0xb0, 0x02, 0x43, 0x43, 0x61, 0x64, 0xb0, 0x04,
  0x50, 0x78, 0xb2, 0x02, 0x02, 0x02, 0x43, 0x60, 0x42, 0xb0, 0x21, 0x65,
  0x1c, 0x21, 0xb0, 0x02, 0x43, 0x43, 0xb2, 0x0e, 0x15, 0x01, 0x42, 0x1c,
  0x20, 0xb0, 0x02, 0x43, 0x23, 0x42, 0xb2, 0x13, 0x01, 0x13, 0x43, 0x60,
  0x42, 0x23, 0xb0, 0x00, 0x50, 0x58, 0x65, 0x59, 0xb2, 0x16, 0x01, 0x02,
  0x43, 0x60, 0x42, 0x2d, 0xb0, 0x04, 0x2c, 0xb0, 0x03, 0x2b, 0xb0, 0x15,
  0x43, 0x58, 0x23, 0x21, 0x23, 0x21, 0xb0, 0x16, 0x43, 0x43, 0x23, 0xb0,
  0x00, 0x50, 0x58, 0x65, 0x59, 0x1b, 0x20, 0x64, 0x20, 0xb0, 0xc0, 0x50,
  0xb0, 0x04, 0x26, 0x5a, 0xb2, 0x28, 0x01, 0x0d, 0x43, 0x45, 0x63, 0x45,
  0xb0, 0x06, 0x45, 0x58, 0x21, 0xb0, 0x03, 0x25, 0x59, 0x52, 0x5b, 0x58,
  0x21, 0x23, 0x21, 0x1b, 0x8a, 0x58, 0x20, 0xb0, 0x50, 0x50, 0x58, 0x21,
  0xb0, 0x40, 0x59, 0x1b, 0x20, 0xb0, 0x38, 0x50, 0x58, 0x21, 0xb0, 0x38,
  0x59, 0x59, 0x20, 0xb1, 0x01, 0x0d, 0x43, 0x45, 0x63, 0x45, 0x61, 0x64,
  0xb0, 0x28, 0x50, 0x58, 0x21, 0xb1, 0x01, 0x0d, 0x43, 0x45, 0x63, 0x45,
  0x20, 0xb0, 0x30, 0x50, 0x58, 0x21, 0xb0, 0x30, 0x59, 0x1b, 0x20, 0xb0,
  0xc0, 0x50, 0x58, 0x20, 0x66, 0x20, 0x8a, 0x8a, 0x61, 0x20, 0xb0, 0x0a,
  0x50, 0x58, 0x60, 0x1b, 0x20, 0xb0, 0x20, 0x50, 0x58, 0x21, 0xb0, 0x0a,
  0x60, 0x1b, 0x20, 0xb0, 0x36, 0x50, 0x58, 0x21, 0xb0, 0x36, 0x60, 0x1b,
  0x60, 0x59, 0x59, 0x59, 0x1b, 0xb0, 0x02, 0x25, 0xb0, 0x0c, 0x43, 0x63,
  0xb0, 0x00, 0x52, 0x58, 0xb0, 0x00, 0x4b, 0xb0, 0x0a, 0x50, 0x58, 0x21,
  0xb0, 0x0c, 0x43, 0x1b, 0x4b, 0xb0, 0x1e, 0x50, 0x58, 0x21, 0xb0, 0x1e,
  0x4b, 0x61, 0xb8, 0x10, 0x00, 0x63, 0xb0, 0x0c, 0x43, 0x63, 0xb8, 0x05,
  0x00, 0x62, 0x59, 0x59, 0x64, 0x61, 0x59, 0xb0, 0x01, 0x2b, 0x59, 0x59,
  0x23, 0xb0, 0x00, 0x50, 0x58, 0x65, 0x59, 0x59, 0x20, 0x64, 0xb0, 0x16,
  0x43, 0x23, 0x42, 0x59, 0x2d, 0xb0, 0x05, 0x2c, 0x20, 0x45, 0x20, 0xb0,
  0x04, 0x25, 0x61, 0x64, 0x20, 0xb0, 0x07, 0x43, 0x50, 0x58, 0xb0, 0x07,
  0x23, 0x42, 0xb0, 0x08, 0x23, 0x42, 0x1b, 0x21, 0x21, 0x59, 0xb0, 0x01,
  0x60, 0x2d, 0xb0, 0x06, 0x2c, 0x23, 0x21, 0x23, 0x21, 0xb0, 0x03, 0x2b,
  0x20, 0x64, 0xb1, 0x07, 0x62, 0x42, 0x20, 0xb0, 0x08, 0x23, 0x42, 0xb0,
  0x06, 0x45, 0x58, 0x1b, 0xb1, 0x01, 0x0d, 0x43, 0x45, 0x63, 0xb1, 0x01,
  0x0d, 0x43, 0xb0, 0x00, 0x60, 0x45, 0x63, 0xb0, 0x05, 0x2a, 0x21, 0x20,
  0xb0, 0x08, 0x43, 0x20, 0x8a, 0x20, 0x8a, 0xb0, 0x01, 0x2b, 0xb1, 0x30,
  0x05, 0x25, 0xb0, 0x04, 0x26, 0x51, 0x58, 0x60, 0x50, 0x1b, 0x61, 0x52,
  0x59, 0x58, 0x23, 0x59, 0x21, 0x59, 0x20, 0xb0, 0x40, 0x53, 0x58, 0xb0,
  0x01, 0x2b, 0x1b, 0x21, 0xb0, 0x40, 0x59, 0x23, 0xb0, 0x00, 0x50, 0x58,
  0x65, 0x59, 0x2d, 0xb0, 0x07, 0x2c, 0xb0, 0x09, 0x43, 0x2b, 0xb2, 0x00,
  0x02, 0x00, 0x43, 0x60, 0x42, 0x2d, 0xb0, 0x08, 0x2c, 0xb0, 0x09, 0x23,
  0x42, 0x23, 0x20, 0xb0, 0x00, 0x23, 0x42, 0x61, 0xb0, 0x02, 0x62, 0x66,
  0xb0, 0x01, 0x63, 0xb0, 0x01, 0x60, 0xb0, 0x07, 0x2a, 0x2d, 0xb0, 0x09,
  0x2c, 0x20, 0x20, 0x45, 0x20, 0xb0, 0x0e, 0x43, 0x63, 0xb8, 0x04, 0x00,
  0x62, 0x20, 0xb0, 0x00, 0x50, 0x58, 0xb0, 0x40, 0x60, 0x59, 0x66, 0xb0,
  0x01, 0x63, 0x60, 0x44, 0xb0, 0x01, 0x60, 0x2d, 0xb0, 0x0a, 0x2c, 0xb2,
  0x09, 0x0e, 0x00, 0x43, 0x45, 0x42, 0x2a, 0x21, 0xb2, 0x00, 0x01, 0x00,
  0x43, 0x60, 0x42, 0x2d, 0xb0, 0x0b, 0x2c, 0xb0, 0x00, 0x43, 0x23, 0x44,
  0xb2, 0x00, 0x01, 0x00, 0x43, 0x60, 0x42, 0x2d, 0xb0, 0x0c, 0x2c, 0x20,
  0x20, 0x45, 0x20, 0xb0, 0x01, 0x2b, 0x23, 0xb0, 0x00, 0x43, 0xb0, 0x04,
  0x25, 0x60, 0x20, 0x45, 0x8a, 0x23, 0x61, 0x20, 0x64, 0x20, 0xb0, 0x20,
  0x50, 0x58, 0x21, 0xb0, 0x00, 0x1b, 0xb0, 0x30, 0x50, 0x58, 0xb0, 0x20,
  0x1b, 0xb0, 0x40, 0x59, 0x59, 0x23, 0xb0, 0x00, 0x50, 0x58, 0x65, 0x59,
  0xb0, 0x03, 0x25, 0x23, 0x61, 0x44, 0x44, 0xb0, 0x01, 0x60, 0x2d, 0xb0,
  0x0d, 0x2c, 0x20, 0x20, 0x45, 0x20, 0xb0, 0x01, 0x2b, 0x23, 0xb0, 0x00,
  0x43, 0xb0, 0x04, 0x25, 0x60, 0x20, 0x45, 0x8a, 0x23, 0x61, 0x20, 0x64,
  0xb0, 0x24, 0x50, 0x58, 0xb0, 0x00, 0x1b, 0xb0, 0x40, 0x59, 0x23, 0xb0,
  0x00, 0x50, 0x58, 0x65, 0x59, 0xb0, 0x03, 0x25, 0x23, 0x61, 0x44, 0x44,
  0xb0, 0x01, 0x60, 0x2d, 0xb0, 0x0e, 0x2c, 0x20, 0xb0, 0x00, 0x23, 0x42,
  0xb3, 0x0d, 0x0c, 0x00, 0x03, 0x45, 0x50, 0x58, 0x21, 0x1b, 0x23, 0x21,
  0x59, 0x2a, 0x21, 0x2d, 0xb0, 0x0f, 0x2c, 0xb1, 0x02, 0x02, 0x45, 0xb0,
  0x64, 0x61, 0x44, 0x2d, 0xb0, 0x10, 0x2c, 0xb0, 0x01, 0x60, 0x20, 0x20,
  0xb0, 0x0f, 0x43, 0x4a, 0xb0, 0x00, 0x50, 0x58, 0x20, 0xb0, 0x0f, 0x23,
  0x42, 0x59, 0xb0, 0x10, 0x43, 0x4a, 0xb0, 0x00, 0x52, 0x58, 0x20, 0xb0,
  0x10, 0x23, 0x42, 0x59, 0x2d, 0xb0, 0x11, 0x2c, 0x20, 0xb0, 0x10, 0x62,
  0x66, 0xb0, 0x01, 0x63, 0x20, 0xb8, 0x04, 0x00, 0x63, 0x8a, 0x23, 0x61,
  0xb0, 0x11, 0x43, 0x60, 0x20, 0x8a, 0x60, 0x20, 0xb0, 0x11, 0x23, 0x42,
  0x23, 0x2d, 0xb0, 0x12, 0x2c, 0x4b, 0x54, 0x58, 0xb1, 0x04, 0x64, 0x44,
  0x59, 0x24, 0xb0, 0x0d, 0x65, 0x23, 0x78, 0x2d, 0xb0, 0x13, 0x2c, 0x4b,
  0x51, 0x58, 0x4b, 0x53, 0x58, 0xb1, 0x04, 0x64, 0x44, 0x59, 0x1b, 0x21,
  0x59, 0x24, 0xb0, 0x13, 0x65, 0x23, 0x78, 0x2d, 0xb0, 0x14, 0x2c, 0xb1,
  0x00, 0x12, 0x43, 0x55, 0x58, 0xb1, 0x12, 0x12, 0x43, 0xb0, 0x01, 0x61,
  0x42, 0xb0, 0x11, 0x2b, 0x59, 0xb0, 0x00, 0x43, 0xb0, 0x02, 0x25, 0x42,
  0xb1, 0x0f, 0x02, 0x25, 0x42, 0xb1, 0x10, 0x02, 0x25, 0x42, 0xb0, 0x01,
  0x16, 0x23, 0x20, 0xb0, 0x03, 0x25, 0x50, 0x58, 0xb1, 0x01, 0x00, 0x43,
  0x60, 0xb0, 0x04, 0x25, 0x42, 0x8a, 0x8a, 0x20, 0x8a, 0x23, 0x61, 0xb0,
  0x10, 0x2a, 0x21, 0x23, 0xb0, 0x01, 0x61, 0x20, 0x8a, 0x23, 0x61, 0xb0,
  0x10, 0x2a, 0x21, 0x1b, 0xb1, 0x01, 0x00, 0x43, 0x60, 0xb0, 0x02, 0x25,
  0x42, 0xb0, 0x02, 0x25, 0x61, 0xb0, 0x10, 0x2a, 0x21, 0x59, 0xb0, 0x0f,
  0x43, 0x47, 0xb0, 0x10, 0x43, 0x47, 0x60, 0xb0, 0x02, 0x62, 0x20, 0xb0,
  0x00, 0x50, 0x58, 0xb0, 0x40, 0x60, 0x59, 0x66, 0xb0, 0x01, 0x63, 0x20,
  0xb0, 0x0e, 0x43, 0x63, 0xb8, 0x04, 0x00, 0x62, 0x20, 0xb0, 0x00, 0x50,
  0x58, 0xb0, 0x40, 0x60, 0x59, 0x66, 0xb0, 0x01, 0x63, 0x60, 0xb1, 0x00,
  0x00, 0x13, 0x23, 0x44, 0xb0, 0x01, 0x43, 0xb0, 0x00, 0x3e, 0xb2, 0x01,
  0x01, 0x01, 0x43, 0x60, 0x42, 0x2d, 0xb0, 0x15, 0x2c, 0x00, 0xb1, 0x00,
  0x02, 0x45, 0x54, 0x58, 0xb0, 0x12, 0x23, 0x42, 0x20, 0x45, 0xb0, 0x0e,
  0x23, 0x42, 0xb0, 0x0d, 0x23, 0xb0, 0x00, 0x60, 0x42, 0x20, 0x60, 0xb7,
  0x18, 0x18, 0x01, 0x00, 0x11, 0x00, 0x13, 0x00, 0x42, 0x42, 0x42, 0x8a,
  0x60, 0x20, 0xb0, 0x14, 0x23, 0x42, 0xb0, 0x01, 0x61, 0xb1, 0x14, 0x08,
  0x2b, 0xb0, 0x8b, 0x2b, 0x1b, 0x22, 0x59, 0x2d, 0xb0, 0x16, 0x2c, 0xb1,
  0x00, 0x15, 0x2b, 0x2d, 0xb0, 0x17, 0x2c, 0xb1, 0x01, 0x15, 0x2b, 0x2d,
  0xb0, 0x18, 0x2c, 0xb1, 0x02, 0x15, 0x2b, 0x2d, 0xb0, 0x19, 0x2c, 0xb1,
  0x03, 0x15, 0x2b, 0x2d, 0xb0, 0x1a, 0x2c, 0xb1, 0x04, 0x15, 0x2b, 0x2d,
  0xb0, 0x1b, 0x2c, 0xb1, 0x05, 0x15, 0x2b, 0x2d, 0xb0, 0x1c, 0x2c, 0xb1,
  0x06, 0x15, 0x2b, 0x2d, 0xb0, 0x1d, 0x2c, 0xb1, 0x07, 0x15, 0x2b, 0x2d,
  0xb0, 0x1e, 0x2c, 0xb1, 0x08, 0x15, 0x2b, 0x2d, 0xb0, 0x1f, 0x2c, 0xb1,
  0x09, 0x15, 0x2b, 0x2d, 0xb0, 0x2b, 0x2c, 0x23, 0x20, 0xb0, 0x10, 0x62,
  0x66, 0xb0, 0x01, 0x63, 0xb0, 0x06, 0x60, 0x4b, 0x54, 0x58, 0x23, 0x20,
  0x2e, 0xb0, 0x01, 0x5d, 0x1b, 0x21, 0x21, 0x59, 0x2d, 0xb0, 0x2c, 0x2c,
  0x23, 0x20, 0xb0, 0x10, 0x62, 0x66, 0xb0, 0x01, 0x63, 0xb0, 0x16, 0x60,
  0x4b, 0x54, 0x58, 0x23, 0x20, 0x2e, 0xb0, 0x01, 0x71, 0x1b, 0x21, 0x21,
  0x59, 0x2d, 0xb0, 0x2d, 0x2c, 0x23, 0x20, 0xb0, 0x10, 0x62, 0x66, 0xb0,
  0x01, 0x63, 0xb0, 0x26, 0x60, 0x4b, 0x54, 0x58, 0x23, 0x20, 0x2e, 0xb0,
  0x01, 0x72, 0x1b, 0x21, 0x21, 0x59, 0x2d, 0xb0, 0x20, 0x2c, 0x00, 0xb0,
  0x0f, 0x2b, 0xb1, 0x00, 0x02, 0x45, 0x54, 0x58, 0xb0, 0x12, 0x23, 0x42,
  0x20, 0x45, 0xb0, 0x0e, 0x23, 0x42, 0xb0, 0x0d, 0x23, 0xb0, 0x00, 0x60,
  0x42, 0x20, 0x60, 0xb0, 0x01, 0x61, 0xb5, 0x18, 0x18, 0x01, 0x00, 0x11,
  0x00, 0x42, 0x42, 0x8a, 0x60, 0xb1, 0x14, 0x08, 0x2b, 0xb0, 0x8b, 0x2b,
  0x1b, 0x22, 0x59, 0x2d, 0xb0, 0x21, 0x2c, 0xb1, 0x00, 0x20, 0x2b, 0x2d,
  0xb0, 0x22, 0x2c, 0xb1, 0x01, 0x20, 0x2b, 0x2d, 0xb0, 0x23, 0x2c, 0xb1,
  0x02, 0x20, 0x2b, 0x2d, 0xb0, 0x24, 0x2c, 0xb1, 0x03, 0x20, 0x2b, 0x2d,
  0xb0, 0x25, 0x2c, 0xb1, 0x04, 0x20, 0x2b, 0x2d, 0xb0, 0x26, 0x2c, 0xb1,
  0x05, 0x20, 0x2b, 0x2d, 0xb0, 0x27, 0x2c, 0xb1, 0x06, 0x20, 0x2b, 0x2d,
  0xb0, 0x28, 0x2c, 0xb1, 0x07, 0x20, 0x2b, 0x2d, 0xb0, 0x29, 0x2c, 0xb1,
  0x08, 0x20, 0x2b, 0x2d, 0xb0, 0x2a, 0x2c, 0xb1, 0x09, 0x20, 0x2b, 0x2d,
  0xb0, 0x2e, 0x2c, 0x20, 0x3c, 0xb0, 0x01, 0x60, 0x2d, 0xb0, 0x2f, 0x2c,
  0x20, 0x60, 0xb0, 0x18, 0x60, 0x20, 0x43, 0x23, 0xb0, 0x01, 0x60, 0x43,
  0xb0, 0x02, 0x25, 0x61, 0xb0, 0x01, 0x60, 0xb0, 0x2e, 0x2a, 0x21, 0x2d,
  0xb0, 0x30, 0x2c, 0xb0, 0x2f, 0x2b, 0xb0, 0x2f, 0x2a, 0x2d, 0xb0, 0x31,
  0x2c, 0x20, 0x20, 0x47, 0x20, 0x20, 0xb0, 0x0e, 0x43, 0x63, 0xb8, 0x04,
  0x00, 0x62, 0x20, 0xb0, 0x00, 0x50, 0x58, 0xb0, 0x40, 0x60, 0x59, 0x66,
  0xb0, 0x01, 0x63, 0x60, 0x23, 0x61, 0x38, 0x23, 0x20, 0x8a, 0x55, 0x58,
  0x20, 0x47, 0x20, 0x20, 0xb0, 0x0e, 0x43, 0x63, 0xb8, 0x04, 0x00, 0x62,
  0x20, 0xb0, 0x00, 0x50, 0x58, 0xb0, 0x40, 0x60, 0x59, 0x66, 0xb0, 0x01,
  0x63, 0x60, 0x23, 0x61, 0x38, 0x1b, 0x21, 0x59, 0x2d, 0xb0, 0x32, 0x2c,
  0x00, 0xb1, 0x00, 0x02, 0x45, 0x54, 0x58, 0xb1, 0x0e, 0x06, 0x45, 0x42,
  0xb0, 0x01, 0x16, 0xb0, 0x31, 0x2a, 0xb1, 0x05, 0x01, 0x15, 0x45, 0x58,
  0x30, 0x59, 0x1b, 0x22, 0x59, 0x2d, 0xb0, 0x33, 0x2c, 0x00, 0xb0, 0x0f,
  0x2b, 0xb1, 0x00, 0x02, 0x45, 0x54, 0x58, 0xb1, 0x0e, 0x06, 0x45, 0x42,
  0xb0, 0x01, 0x16, 0xb0, 0x31, 0x2a, 0xb1, 0x05, 0x01, 0x15, 0x45, 0x58,
  0x30, 0x59, 0x1b, 0x22, 0x59, 0x2d, 0xb0, 0x34, 0x2c, 0x20, 0x35, 0xb0,
  0x01, 0x60, 0x2d, 0xb0, 0x35, 0x2c, 0x00, 0xb1, 0x0e, 0x06, 0x45, 0x42,
  0xb0, 0x01, 0x45, 0x63, 0xb8, 0x04, 0x00, 0x62, 0x20, 0xb0, 0x00, 0x50,
  0x58, 0xb0, 0x40, 0x60, 0x59, 0x66, 0xb0, 0x01, 0x63, 0xb0, 0x01, 0x2b,
  0xb0, 0x0e, 0x43, 0x63, 0xb8, 0x04, 0x00, 0x62, 0x20, 0xb0, 0x00, 0x50,
  0x58, 0xb0, 0x40, 0x60, 0x59, 0x66, 0xb0, 0x01, 0x63, 0xb0, 0x01, 0x2b,
  0xb0, 0x00, 0x16, 0xb4, 0x00, 0x00, 0x00, 0x00, 0x00, 0x44, 0x3e, 0x23,
  0x38, 0xb1, 0x34, 0x01, 0x15, 0x2a, 0x21, 0x2d, 0xb0, 0x36, 0x2c, 0x20,
  0x3c, 0x20, 0x47, 0x20, 0xb0, 0x0e, 0x43, 0x63, 0xb8, 0x04, 0x00, 0x62,
  0x20, 0xb0, 0x00, 0x50, 0x58, 0xb0, 0x40, 0x60, 0x59, 0x66, 0xb0, 0x01,
  0x63, 0x60, 0xb0, 0x00, 0x43, 0x61, 0x38, 0x2d, 0xb0, 0x37, 0x2c, 0x2e,
  0x17, 0x3c, 0x2d, 0xb0, 0x38, 0x2c, 0x20, 0x3c, 0x20, 0x47, 0x20, 0xb0,
  0x0e, 0x43, 0x63, 0xb8, 0x04, 0x00, 0x62, 0x20, 0xb0, 0x00, 0x50, 0x58,
  0xb0, 0x40, 0x60, 0x59, 0x66, 0xb0, 0x01, 0x63, 0x60, 0xb0, 0x00, 0x43,
  0x61, 0xb0, 0x01, 0x43, 0x63, 0x38, 0x2d, 0xb0, 0x39, 0x2c, 0xb1, 0x02,
  0x00, 0x16, 0x25, 0x20, 0x2e, 0x20, 0x47, 0xb0, 0x00, 0x23, 0x42, 0xb0,
  0x02, 0x25, 0x49, 0x8a, 0x8a, 0x47, 0x23, 0x47, 0x23, 0x61, 0x20, 0x58,
  0x62, 0x1b, 0x21, 0x59, 0xb0, 0x01, 0x23, 0x42, 0xb2, 0x38, 0x01, 0x01,
  0x15, 0x14, 0x2a, 0x2d, 0xb0, 0x3a, 0x2c, 0xb0, 0x00, 0x16, 0xb0, 0x17,
  0x23, 0x42, 0xb0, 0x04, 0x25, 0xb0, 0x04, 0x25, 0x47, 0x23, 0x47, 0x23,
  0x61, 0xb1, 0x0c, 0x00, 0x42, 0xb0, 0x0b, 0x43, 0x2b, 0x65, 0x8a, 0x2e,
  0x23, 0x20, 0x20, 0x3c, 0x8a, 0x38, 0x2d, 0xb0, 0x3b, 0x2c, 0xb0, 0x00,
  0x16, 0xb0, 0x17, 0x23, 0x42, 0xb0, 0x04, 0x25, 0xb0, 0x04, 0x25, 0x20,
  0x2e, 0x47, 0x23, 0x47, 0x23, 0x61, 0x20, 0xb0, 0x06, 0x23, 0x42, 0xb1,
  0x0c, 0x00, 0x42, 0xb0, 0x0b, 0x43, 0x2b, 0x20, 0xb0, 0x60, 0x50, 0x58,
  0x20, 0xb0, 0x40, 0x51, 0x58, 0xb3, 0x04, 0x20, 0x05, 0x20, 0x1b, 0xb3,
  0x04, 0x26, 0x05, 0x1a, 0x59, 0x42, 0x42, 0x23, 0x20, 0xb0, 0x0a, 0x43,
  0x20, 0x8a, 0x23, 0x47, 0x23, 0x47, 0x23, 0x61, 0x23, 0x46, 0x60, 0xb0,
  0x06, 0x43, 0xb0, 0x02, 0x62, 0x20, 0xb0, 0x00, 0x50, 0x58, 0xb0, 0x40,
  0x60, 0x59, 0x66, 0xb0, 0x01, 0x63, 0x60, 0x20, 0xb0, 0x01, 0x2b, 0x20,
  0x8a, 0x8a, 0x61, 0x20, 0xb0, 0x04, 0x43, 0x60, 0x64, 0x23, 0xb0, 0x05,
  0x43, 0x61, 0x64, 0x50, 0x58, 0xb0, 0x04, 0x43, 0x61, 0x1b, 0xb0, 0x05,
  0x43, 0x60, 0x59, 0xb0, 0x03, 0x25, 0xb0, 0x02, 0x62, 0x20, 0xb0, 0x00,
  0x50, 0x58, 0xb0, 0x40, 0x60, 0x59, 0x66, 0xb0, 0x01, 0x63, 0x61, 0x23,
  0x20, 0x20, 0xb0, 0x04, 0x26, 0x23, 0x46, 0x61, 0x38, 0x1b, 0x23, 0xb0,
  0x0a, 0x43, 0x46, 0xb0, 0x02, 0x25, 0xb0, 0x0a, 0x43, 0x47, 0x23, 0x47,
  0x23, 0x61, 0x60, 0x20, 0xb0, 0x06, 0x43, 0xb0, 0x02, 0x62, 0x20, 0xb0,
  0x00, 0x50, 0x58, 0xb0, 0x40, 0x60, 0x59, 0x66, 0xb0, 0x01, 0x63, 0x60,
  0x23, 0x20, 0xb0, 0x01, 0x2b, 0x23, 0xb0, 0x06, 0x43, 0x60, 0xb0, 0x01,
  0x2b, 0xb0, 0x05, 0x25, 0x61, 0xb0, 0x05, 0x25, 0xb0, 0x02, 0x62, 0x20,
  0xb0, 0x00, 0x50, 0x58, 0xb0, 0x40, 0x60, 0x59, 0x66, 0xb0, 0x01, 0x63,
  0xb0, 0x04, 0x26, 0x61, 0x20, 0xb0, 0x04, 0x25, 0x60, 0x64, 0x23, 0xb0,
  0x03, 0x25, 0x60, 0x64, 0x50, 0x58, 0x21, 0x1b, 0x23, 0x21, 0x59, 0x23,
  0x20, 0x20, 0xb0, 0x04, 0x26, 0x23, 0x46, 0x61, 0x38, 0x59, 0x2d, 0xb0,
  0x3c, 0x2c, 0xb0, 0x00, 0x16, 0xb0, 0x17, 0x23, 0x42, 0x20, 0x20, 0x20,
  0xb0, 0x05, 0x26, 0x20, 0x2e, 0x47, 0x23, 0x47, 0x23, 0x61, 0x23, 0x3c,
  0x38, 0x2d, 0xb0, 0x3d, 0x2c, 0xb0, 0x00, 0x16, 0xb0, 0x17, 0x23, 0x42,
  0x20, 0xb0, 0x0a, 0x23, 0x42, 0x20, 0x20, 0x20, 0x46, 0x23, 0x47, 0xb0,
  0x01, 0x2b, 0x23, 0x61, 0x38, 0x2d, 0xb0, 0x3e, 0x2c, 0xb0, 0x00, 0x16,
  0xb0, 0x17, 0x23, 0x42, 0xb0, 0x03, 0x25, 0xb0, 0x02, 0x25, 0x47, 0x23,
  0x47, 0x23, 0x61, 0xb0, 0x00, 0x54, 0x58, 0x2e, 0x20, 0x3c, 0x23, 0x21,
  0x1b, 0xb0, 0x02, 0x25, 0xb0, 0x02, 0x25, 0x47, 0x23, 0x47, 0x23, 0x61,
  0x20, 0xb0, 0x05, 0x25, 0xb0, 0x04, 0x25, 0x47, 0x23, 0x47, 0x23, 0x61,
  0xb0, 0x06, 0x25, 0xb0, 0x05, 0x25, 0x49, 0xb0, 0x02, 0x25, 0x61, 0xb9,
  0x08, 0x00, 0x08, 0x00, 0x63, 0x63, 0x23, 0x20, 0x58, 0x62, 0x1b, 0x21,
  0x59, 0x63, 0xb8, 0x04, 0x00, 0x62, 0x20, 0xb0, 0x00, 0x50, 0x58, 0xb0,
  0x40, 0x60, 0x59, 0x66, 0xb0, 0x01, 0x63, 0x60, 0x23, 0x2e, 0x23, 0x20,
  0x20, 0x3c, 0x8a, 0x38, 0x23, 0x21, 0x59, 0x2d, 0xb0, 0x3f, 0x2c, 0xb0,
  0x00, 0x16, 0xb0, 0x17, 0x23, 0x42, 0x20, 0xb0, 0x0a, 0x43, 0x20, 0x2e,
  0x47, 0x23, 0x47, 0x23, 0x61, 0x20, 0x60, 0xb0, 0x20, 0x60, 0x66, 0xb0,
  0x02, 0x62, 0x20, 0xb0, 0x00, 0x50, 0x58, 0xb0, 0x40, 0x60, 0x59, 0x66,
  0xb0, 0x01, 0x63, 0x23, 0x20, 0x20, 0x3c, 0x8a, 0x38, 0x2d, 0xb0, 0x40,
  0x2c, 0x23, 0x20, 0x2e, 0x46, 0xb0, 0x02, 0x25, 0x46, 0xb0, 0x17, 0x43,
  0x58, 0x50, 0x1b, 0x52, 0x59, 0x58, 0x20, 0x3c, 0x59, 0x2e, 0xb1, 0x30,
  0x01, 0x14, 0x2b, 0x2d, 0xb0, 0x41, 0x2c, 0x23, 0x20, 0x2e, 0x46, 0xb0,
  0x02, 0x25, 0x46, 0xb0, 0x17, 0x43, 0x58, 0x52, 0x1b, 0x50, 0x59, 0x58,
  0x20, 0x3c, 0x59, 0x2e, 0xb1, 0x30, 0x01, 0x14, 0x2b, 0x2d, 0xb0, 0x42,
  0x2c, 0x23, 0x20, 0x2e, 0x46, 0xb0, 0x02, 0x25, 0x46, 0xb0, 0x17, 0x43,
  0x58, 0x50, 0x1b, 0x52, 0x59, 0x58, 0x20, 0x3c, 0x59, 0x23, 0x20, 0x2e,
  0x46, 0xb0, 0x02, 0x25, 0x46, 0xb0, 0x17, 0x43, 0x58, 0x52, 0x1b, 0x50,
  0x59, 0x58, 0x20, 0x3c, 0x59, 0x2e, 0xb1, 0x30, 0x01, 0x14, 0x2b, 0x2d,
  0xb0, 0x43, 0x2c, 0xb0, 0x3a, 0x2b, 0x23, 0x20, 0x2e, 0x46, 0xb0, 0x02,
  0x25, 0x46, 0xb0, 0x17, 0x43, 0x58, 0x50, 0x1b, 0x52, 0x59, 0x58, 0x20,
  0x3c, 0x59, 0x2e, 0xb1, 0x30, 0x01, 0x14, 0x2b, 0x2d, 0xb0, 0x44, 0x2c,
  0xb0, 0x3b, 0x2b, 0x8a, 0x20, 0x20, 0x3c, 0xb0, 0x06, 0x23, 0x42, 0x8a,
  0x38, 0x23, 0x20, 0x2e, 0x46, 0xb0, 0x02, 0x25, 0x46, 0xb0, 0x17, 0x43,
  0x58, 0x50, 0x1b, 0x52, 0x59, 0x58, 0x20, 0x3c, 0x59, 0x2e, 0xb1, 0x30,
  0x01, 0x14, 0x2b, 0xb0, 0x06, 0x43, 0x2e, 0xb0, 0x30, 0x2b, 0x2d, 0xb0,
  0x45, 0x2c, 0xb0, 0x00, 0x16, 0xb0, 0x04, 0x25, 0xb0, 0x04, 0x26, 0x20,
  0x20, 0x20, 0x46, 0x23, 0x47, 0x61, 0xb0, 0x0c, 0x23, 0x42, 0x2e, 0x47,
  0x23, 0x47, 0x23, 0x61, 0xb0, 0x0b, 0x43, 0x2b, 0x23, 0x20, 0x3c, 0x20,
  0x2e, 0x23, 0x38, 0xb1, 0x30, 0x01, 0x14, 0x2b, 0x2d, 0xb0, 0x46, 0x2c,
  0xb1, 0x0a, 0x04, 0x25, 0x42, 0xb0, 0x00, 0x16, 0xb0, 0x04, 0x25, 0xb0,
  0x04, 0x25, 0x20, 0x2e, 0x47, 0x23, 0x47, 0x23, 0x61, 0x20, 0xb0, 0x06,
  0x23, 0x42, 0xb1, 0x0c, 0x00, 0x42, 0xb0, 0x0b, 0x43, 0x2b, 0x20, 0xb0,
  0x60, 0x50, 0x58, 0x20, 0xb0, 0x40, 0x51, 0x58, 0xb3, 0x04, 0x20, 0x05,
  0x20, 0x1b, 0xb3, 0x04, 0x26, 0x05, 0x1a, 0x59, 0x42, 0x42, 0x23, 0x20,
  0x47, 0xb0, 0x06, 0x43, 0xb0, 0x02, 0x62, 0x20, 0xb0, 0x00, 0x50, 0x58,
  0xb0, 0x40, 0x60, 0x59, 0x66, 0xb0, 0x01, 0x63, 0x60, 0x20, 0xb0, 0x01,
  0x2b, 0x20, 0x8a, 0x8a, 0x61, 0x20, 0xb0, 0x04, 0x43, 0x60, 0x64, 0x23,
  0xb0, 0x05, 0x43, 0x61, 0x64, 0x50, 0x58, 0xb0, 0x04, 0x43, 0x61, 0x1b,
  0xb0, 0x05, 0x43, 0x60, 0x59, 0xb0, 0x03, 0x25, 0xb0, 0x02, 0x62, 0x20,
  0xb0, 0x00, 0x50, 0x58, 0xb0, 0x40, 0x60, 0x59, 0x66, 0xb0, 0x01, 0x63,
  0x61, 0xb0, 0x02, 0x25, 0x46, 0x61, 0x38, 0x23, 0x20, 0x3c, 0x23, 0x38,
  0x1b, 0x21, 0x20, 0x20, 0x46, 0x23, 0x47, 0xb0, 0x01, 0x2b, 0x23, 0x61,
  0x38, 0x21, 0x59, 0xb1, 0x30, 0x01, 0x14, 0x2b, 0x2d, 0xb0, 0x47, 0x2c,
  0xb1, 0x00, 0x3a, 0x2b, 0x2e, 0xb1, 0x30, 0x01, 0x14, 0x2b, 0x2d, 0xb0,
  0x48, 0x2c, 0xb1, 0x00, 0x3b, 0x2b, 0x21, 0x23, 0x20, 0x20, 0x3c, 0xb0,
  0x06, 0x23, 0x42, 0x23, 0x38, 0xb1, 0x30, 0x01, 0x14, 0x2b, 0xb0, 0x06,
  0x43, 0x2e, 0xb0, 0x30, 0x2b, 0x2d, 0xb0, 0x49, 0x2c, 0xb0, 0x00, 0x15,
  0x20, 0x47, 0xb0, 0x00, 0x23, 0x42, 0xb2, 0x00, 0x01, 0x01, 0x15, 0x14,
  0x13, 0x2e, 0xb0, 0x36, 0x2a, 0x2d, 0xb0, 0x4a, 0x2c, 0xb0, 0x00, 0x15,
  0x20, 0x47, 0xb0, 0x00, 0x23, 0x42, 0xb2, 0x00, 0x01, 0x01, 0x15, 0x14,
  0x13, 0x2e, 0xb0, 0x36, 0x2a, 0x2d, 0xb0, 0x4b, 0x2c, 0xb1, 0x00, 0x01,
  0x14, 0x13, 0xb0, 0x37, 0x2a, 0x2d, 0xb0, 0x4c, 0x2c, 0xb0, 0x39, 0x2a,
  0x2d, 0xb0, 0x4d, 0x2c, 0xb0, 0x00, 0x16, 0x45, 0x23, 0x20, 0x2e, 0x20,
  0x46, 0x8a, 0x23, 0x61, 0x38, 0xb1, 0x30, 0x01, 0x14, 0x2b, 0x2d, 0xb0,
  0x4e, 0x2c, 0xb0, 0x0a, 0x23, 0x42, 0xb0, 0x4d, 0x2b, 0x2d, 0xb0, 0x4f,
  0x2c, 0xb2, 0x00, 0x00, 0x46, 0x2b, 0x2d, 0xb0, 0x50, 0x2c, 0xb2, 0x00,
  0x01, 0x46, 0x2b, 0x2d, 0xb0, 0x51, 0x2c, 0xb2, 0x01, 0x00, 0x46, 0x2b,
  0x2d, 0xb0, 0x52, 0x2c, 0xb2, 0x01, 0x01, 0x46, 0x2b, 0x2d, 0xb0, 0x53,
  0x2c, 0xb2, 0x00, 0x00, 0x47, 0x2b, 0x2d, 0xb0, 0x54, 0x2c, 0xb2, 0x00,
  0x01, 0x47, 0x2b, 0x2d, 0xb0, 0x55, 0x2c, 0xb2, 0x01, 0x00, 0x47, 0x2b,
  0x2d, 0xb0, 0x56, 0x2c, 0xb2, 0x01, 0x01, 0x47, 0x2b, 0x2d, 0xb0, 0x57,
  0x2c, 0xb3, 0x00, 0x00, 0x00, 0x43, 0x2b, 0x2d, 0xb0, 0x58, 0x2c, 0xb3,
  0x00, 0x01, 0x00, 0x43, 0x2b, 0x2d, 0xb0, 0x59, 0x2c, 0xb3, 0x01, 0x00,
  0x00, 0x43, 0x2b, 0x2d, 0xb0, 0x5a, 0x2c, 0xb3, 0x01, 0x01, 0x00, 0x43,
  0x2b, 0x2d, 0xb0, 0x5b, 0x2c, 0xb3, 0x00, 0x00, 0x01, 0x43, 0x2b, 0x2d,
  0xb0, 0x5c, 0x2c, 0xb3, 0x00, 0x01, 0x01, 0x43, 0x2b, 0x2d, 0xb0, 0x5d,
  0x2c, 0xb3, 0x01, 0x00, 0x01, 0x43, 0x2b, 0x2d, 0xb0, 0x5e, 0x2c, 0xb3,
  0x01, 0x01, 0x01, 0x43, 0x2b, 0x2d, 0xb0, 0x5f, 0x2c, 0xb2, 0x00, 0x00,
  0x45, 0x2b, 0x2d, 0xb0, 0x60, 0x2c, 0xb2, 0x00, 0x01, 0x45, 0x2b, 0x2d,
  0xb0, 0x61, 0x2c, 0xb2, 0x01, 0x00, 0x45, 0x2b, 0x2d, 0xb0, 0x62, 0x2c,
  0xb2, 0x01, 0x01, 0x45, 0x2b, 0x2d, 0xb0, 0x63, 0x2c, 0xb2, 0x00, 0x00,
  0x48, 0x2b, 0x2d, 0xb0, 0x64, 0x2c, 0xb2, 0x00, 0x01, 0x48, 0x2b, 0x2d,
  0xb0, 0x65, 0x2c, 0xb2, 0x01, 0x00, 0x48, 0x2b, 0x2d, 0xb0, 0x66, 0x2c,
  0xb2, 0x01, 0x01, 0x48, 0x2b, 0x2d, 0xb0, 0x67, 0x2c, 0xb3, 0x00, 0x00,
  0x00, 0x44, 0x2b, 0x2d, 0xb0, 0x68, 0x2c, 0xb3, 0x00, 0x01, 0x00, 0x44,
  0x2b, 0x2d, 0xb0, 0x69, 0x2c, 0xb3, 0x01, 0x00, 0x00, 0x44, 0x2b, 0x2d,
  0xb0, 0x6a, 0x2c, 0xb3, 0x01, 0x01, 0x00, 0x44, 0x2b, 0x2d, 0xb0, 0x6b,
  0x2c, 0xb3, 0x00, 0x00, 0x01, 0x44, 0x2b, 0x2d, 0xb0, 0x6c, 0x2c, 0xb3,
  0x00, 0x01, 0x01, 0x44, 0x2b, 0x2d, 0xb0, 0x6d, 0x2c, 0xb3, 0x01, 0x00,
  0x01, 0x44, 0x2b, 0x2d, 0xb0, 0x6e, 0x2c, 0xb3, 0x01, 0x01, 0x01, 0x44,
  0x2b, 0x2d, 0xb0, 0x6f, 0x2c, 0xb1, 0x00, 0x3c, 0x2b, 0x2e, 0xb1, 0x30,
  0x01, 0x14, 0x2b, 0x2d, 0xb0, 0x70, 0x2c, 0xb1, 0x00, 0x3c, 0x2b, 0xb0,
  0x40, 0x2b, 0x2d, 0xb0, 0x71, 0x2c, 0xb1, 0x00, 0x3c, 0x2b, 0xb0, 0x41,
  0x2b, 0x2d, 0xb0, 0x72, 0x2c, 0xb0, 0x00, 0x16, 0xb1, 0x00, 0x3c, 0x2b,
  0xb0, 0x42, 0x2b, 0x2d, 0xb0, 0x73, 0x2c, 0xb1, 0x01, 0x3c, 0x2b, 0xb0,
  0x40, 0x2b, 0x2d, 0xb0, 0x74, 0x2c, 0xb1, 0x01, 0x3c, 0x2b, 0xb0, 0x41,
  0x2b, 0x2d, 0xb0, 0x75, 0x2c, 0xb0, 0x00, 0x16, 0xb1, 0x01, 0x3c, 0x2b,
  0xb0, 0x42, 0x2b, 0x2d, 0xb0, 0x76, 0x2c, 0xb1, 0x00, 0x3d, 0x2b, 0x2e,
  0xb1, 0x30, 0x01, 0x14, 0x2b, 0x2d, 0xb0, 0x77, 0x2c, 0xb1, 0x00, 0x3d,
  0x2b, 0xb0, 0x40, 0x2b, 0x2d, 0xb0, 0x78, 0x2c, 0xb1, 0x00, 0x3d, 0x2b,
  0xb0, 0x41, 0x2b, 0x2d, 0xb0, 0x79, 0x2c, 0xb1, 0x00, 0x3d, 0x2b, 0xb0,
  0x42, 0x2b, 0x2d, 0xb0, 0x7a, 0x2c, 0xb1, 0x01, 0x3d, 0x2b, 0xb0, 0x40,
  0x2b, 0x2d, 0xb0, 0x7b, 0x2c, 0xb1, 0x01, 0x3d, 0x2b, 0xb0, 0x41, 0x2b,
  0x2d, 0xb0, 0x7c, 0x2c, 0xb1, 0x01, 0x3d, 0x2b, 0xb0, 0x42, 0x2b, 0x2d,
  0xb0, 0x7d, 0x2c, 0xb1, 0x00, 0x3e, 0x2b, 0x2e, 0xb1, 0x30, 0x01, 0x14,
  0x2b, 0x2d, 0xb0, 0x7e, 0x2c, 0xb1, 0x00, 0x3e, 0x2b, 0xb0, 0x40, 0x2b,
  0x2d, 0xb0, 0x7f, 0x2c, 0xb1, 0x00, 0x3e, 0x2b, 0xb0, 0x41, 0x2b, 0x2d,
  0xb0, 0x80, 0x2c, 0xb1, 0x00, 0x3e, 0x2b, 0xb0, 0x42, 0x2b, 0x2d, 0xb0,
  0x81, 0x2c, 0xb1, 0x01, 0x3e, 0x2b, 0xb0, 0x40, 0x2b, 0x2d, 0xb0, 0x82,
  0x2c, 0xb1, 0x01, 0x3e, 0x2b, 0xb0, 0x41, 0x2b, 0x2d, 0xb0, 0x83, 0x2c,
  0xb1, 0x01, 0x3e, 0x2b, 0xb0, 0x42, 0x2b, 0x2d, 0xb0, 0x84, 0x2c, 0xb1,
  0x00, 0x3f, 0x2b, 0x2e, 0xb1, 0x30, 0x01, 0x14, 0x2b, 0x2d, 0xb0, 0x85,
  0x2c, 0xb1, 0x00, 0x3f, 0x2b, 0xb0, 0x40, 0x2b, 0x2d, 0xb0, 0x86, 0x2c,
  0xb1, 0x00, 0x3f, 0x2b, 0xb0, 0x41, 0x2b, 0x2d, 0xb0, 0x87, 0x2c, 0xb1,
  0x00, 0x3f, 0x2b, 0xb0, 0x42, 0x2b, 0x2d, 0xb0, 0x88, 0x2c, 0xb1, 0x01,
  0x3f, 0x2b, 0xb0, 0x40, 0x2b, 0x2d, 0xb0, 0x89, 0x2c, 0xb1, 0x01, 0x3f,
  0x2b, 0xb0, 0x41, 0x2b, 0x2d, 0xb0, 0x8a, 0x2c, 0xb1, 0x01, 0x3f, 0x2b,
  0xb0, 0x42, 0x2b, 0x2d, 0xb0, 0x8b, 0x2c, 0xb2, 0x0b, 0x00, 0x03, 0x45,
  0x50, 0x58, 0xb0, 0x06, 0x1b, 0xb2, 0x04, 0x02, 0x03, 0x45, 0x58, 0x23,
  0x21, 0x1b, 0x21, 0x59, 0x59, 0x42, 0x2b, 0xb0, 0x08, 0x65, 0xb0, 0x03,
  0x24, 0x50, 0x78, 0xb1, 0x05, 0x01, 0x15, 0x45, 0x58, 0x30, 0x59, 0x2d,
  0x00, 0x4b, 0xb8, 0x00, 0xc8, 0x52, 0x58, 0xb1, 0x01, 0x01, 0x8e, 0x59,
  0xb0, 0x01, 0xb9, 0x08, 0x00, 0x08, 0x00, 0x63, 0x70, 0xb1, 0x00, 0x07,
  0x42, 0xb1, 0x00, 0x00, 0x2a, 0xb1, 0x00, 0x07, 0x42, 0xb1, 0x00, 0x0a,
  0x2a, 0xb1, 0x00, 0x07, 0x42, 0xb1, 0x00, 0x0a, 0x2a, 0xb1, 0x00, 0x07,
  0x42, 0xb9, 0x00, 0x00, 0x00, 0x0b, 0x2a, 0xb1, 0x00, 0x07, 0x42, 0xb9,
  0x00, 0x00, 0x00, 0x0b, 0x2a, 0xb9, 0x00, 0x03, 0x00, 0x00, 0x44, 0xb1,
  0x24, 0x01, 0x88, 0x51, 0x58, 0xb0, 0x40, 0x88, 0x58, 0xb9, 0x00, 0x03,
  0x00, 0x64, 0x44, 0xb1, 0x28, 0x01, 0x88, 0x51, 0x58, 0xb8, 0x08, 0x00,
  0x88, 0x58, 0xb9, 0x00, 0x03, 0x00, 0x00, 0x44, 0x59, 0x1b, 0xb1, 0x27,
  0x01, 0x88, 0x51, 0x58, 0xba, 0x08, 0x80, 0x00, 0x01, 0x04, 0x40, 0x88,
  0x63, 0x54, 0x58, 0xb9, 0x00, 0x03, 0x00, 0x00, 0x44, 0x59, 0x59, 0x59,
  0x59, 0x59, 0xb1, 0x00, 0x0e, 0x2a, 0xb8, 0x01, 0xff, 0x85, 0xb0, 0x04,
  0x8d, 0xb1, 0x02, 0x00, 0x44, 0xb3, 0x05, 0x64, 0x06, 0x00, 0x44, 0x44
};
const unsigned int iconFontDataSize = sizeof(iconFontData);
